application/1d-interleaved-parityfec,IANA,,false,
application/3gpdash-qoe-report+xml,IANA,UTF-8,true,
application/3gpp-ims+xml,IANA,,true,
application/3gpphal+json,IANA,,true,
application/3gpphalforms+json,IANA,,true,
application/a2l,IANA,,false,
application/ace+cbor,IANA,,false,
application/activemessage,IANA,,false,
application/activity+json,IANA,,true,
application/alto-costmap+json,IANA,,true,
application/alto-costmapfilter+json,IANA,,true,
application/alto-directory+json,IANA,,true,
application/alto-endpointcost+json,IANA,,true,
application/alto-endpointcostparams+json,IANA,,true,
application/alto-endpointprop+json,IANA,,true,
application/alto-endpointpropparams+json,IANA,,true,
application/alto-error+json,IANA,,true,
application/alto-networkmap+json,IANA,,true,
application/alto-networkmapfilter+json,IANA,,true,
application/alto-updatestreamcontrol+json,IANA,,true,
application/alto-updatestreamparams+json,IANA,,true,
application/aml,IANA,,false,
application/andrew-inset,IANA,,false,ez
application/applefile,IANA,,false,
application/applixware,APACHE,,false,aw
application/at+jwt,IANA,,false,
application/atf,IANA,,false,
application/atfx,IANA,,false,
application/atom+xml,IANA,,true,atom
application/atomcat+xml,IANA,,true,atomcat
application/atomdeleted+xml,IANA,,true,atomdeleted
application/atomicmail,IANA,,false,
application/atomsvc+xml,IANA,,true,atomsvc
application/atsc-dwd+xml,IANA,,true,dwd
application/atsc-dynamic-event-message,IANA,,false,
application/atsc-held+xml,IANA,,true,held
application/atsc-rdt+json,IANA,,true,
application/atsc-rsat+xml,IANA,,true,rsat
application/atxml,IANA,,false,
application/auth-policy+xml,IANA,,true,
application/bacnet-xdd+zip,IANA,,false,
application/batch-smtp,IANA,,false,
application/bdoc,,,false,bdoc
application/beep+xml,IANA,UTF-8,true,
application/calendar+json,IANA,,true,
application/calendar+xml,IANA,,true,xcs
application/call-completion,IANA,,false,
application/cals-1840,IANA,,false,
application/captive+json,IANA,,true,
application/cbor,IANA,,false,
application/cbor-seq,IANA,,false,
application/cccex,IANA,,false,
application/ccmp+xml,IANA,,true,
application/ccxml+xml,IANA,,true,ccxml
application/cdfx+xml,IANA,,true,cdfx
application/cdmi-capability,IANA,,false,cdmia
application/cdmi-container,IANA,,false,cdmic
application/cdmi-domain,IANA,,false,cdmid
application/cdmi-object,IANA,,false,cdmio
application/cdmi-queue,IANA,,false,cdmiq
application/cdni,IANA,,false,
application/cea,IANA,,false,
application/cea-2018+xml,IANA,,true,
application/cellml+xml,IANA,,true,
application/cfw,IANA,,false,
application/city+json,IANA,,true,
application/clr,IANA,,false,
application/clue+xml,IANA,,true,
application/clue_info+xml,IANA,,true,
application/cms,IANA,,false,
application/cnrp+xml,IANA,,true,
application/coap-group+json,IANA,,true,
application/coap-payload,IANA,,false,
application/commonground,IANA,,false,
application/conference-info+xml,IANA,,true,
application/cose,IANA,,false,
application/cose-key,IANA,,false,
application/cose-key-set,IANA,,false,
application/cpl+xml,IANA,,true,cpl
application/csrattrs,IANA,,false,
application/csta+xml,IANA,,true,
application/cstadata+xml,IANA,,true,
application/csvm+json,IANA,,true,
application/cu-seeme,APACHE,,false,cu
application/cwt,IANA,,false,
application/cybercash,IANA,,false,
application/dart,,,true,
application/dash+xml,IANA,,true,mpd
application/dash-patch+xml,IANA,,true,mpp
application/dashdelta,IANA,,false,
application/davmount+xml,IANA,,true,davmount
application/dca-rft,IANA,,false,
application/dcd,IANA,,false,
application/dec-dx,IANA,,false,
application/dialog-info+xml,IANA,,true,
application/dicom,IANA,,false,
application/dicom+json,IANA,,true,
application/dicom+xml,IANA,,true,
application/dii,IANA,,false,
application/dit,IANA,,false,
application/dns,IANA,,false,
application/dns+json,IANA,,true,
application/dns-message,IANA,,false,
application/docbook+xml,APACHE,,true,dbk
application/dots+cbor,IANA,,false,
application/dskpp+xml,IANA,,true,
application/dssc+der,IANA,,false,dssc
application/dssc+xml,IANA,,true,xdssc
application/dvcs,IANA,,false,
application/ecmascript,IANA,,true,es;ecma
application/edi-consent,IANA,,false,
application/edi-x12,IANA,,false,
application/edifact,IANA,,false,
application/efi,IANA,,false,
application/elm+json,IANA,UTF-8,true,
application/elm+xml,IANA,,true,
application/emergencycalldata.cap+xml,IANA,UTF-8,true,
application/emergencycalldata.comment+xml,IANA,,true,
application/emergencycalldata.control+xml,IANA,,true,
application/emergencycalldata.deviceinfo+xml,IANA,,true,
application/emergencycalldata.ecall.msd,IANA,,false,
application/emergencycalldata.providerinfo+xml,IANA,,true,
application/emergencycalldata.serviceinfo+xml,IANA,,true,
application/emergencycalldata.subscriberinfo+xml,IANA,,true,
application/emergencycalldata.veds+xml,IANA,,true,
application/emma+xml,IANA,,true,emma
application/emotionml+xml,IANA,,true,emotionml
application/encaprtp,IANA,,false,
application/epp+xml,IANA,,true,
application/epub+zip,IANA,,false,epub
application/eshop,IANA,,false,
application/exi,IANA,,false,exi
application/expect-ct-report+json,IANA,,true,
application/express,IANA,,false,exp
application/fastinfoset,IANA,,false,
application/fastsoap,IANA,,false,
application/fdt+xml,IANA,,true,fdt
application/fhir+json,IANA,UTF-8,true,
application/fhir+xml,IANA,UTF-8,true,
application/fido.trusted-apps+json,,,true,
application/fits,IANA,,false,
application/flexfec,IANA,,false,
application/font-sfnt,IANA,,false,
application/font-tdpfr,IANA,,false,pfr
application/font-woff,IANA,,false,
application/framework-attributes+xml,IANA,,true,
application/geo+json,IANA,,true,geojson
application/geo+json-seq,IANA,,false,
application/geopackage+sqlite3,IANA,,false,
application/geoxacml+xml,IANA,,true,
application/gltf-buffer,IANA,,false,
application/gml+xml,IANA,,true,gml
application/gpx+xml,APACHE,,true,gpx
application/gxf,APACHE,,false,gxf
application/gzip,IANA,,false,gz
application/h224,IANA,,false,
application/held+xml,IANA,,true,
application/hjson,,,false,hjson
application/http,IANA,,false,
application/hyperstudio,IANA,,false,stk
application/ibe-key-request+xml,IANA,,true,
application/ibe-pkg-reply+xml,IANA,,true,
application/ibe-pp-data,IANA,,false,
application/iges,IANA,,false,
application/im-iscomposing+xml,IANA,UTF-8,true,
application/index,IANA,,false,
application/index.cmd,IANA,,false,
application/index.obj,IANA,,false,
application/index.response,IANA,,false,
application/index.vnd,IANA,,false,
application/inkml+xml,IANA,,true,ink;inkml
application/iotp,IANA,,false,
application/ipfix,IANA,,false,ipfix
application/ipp,IANA,,false,
application/isup,IANA,,false,
application/its+xml,IANA,,true,its
application/java-archive,APACHE,,false,jar;war;ear
application/java-serialized-object,APACHE,,false,ser
application/java-vm,APACHE,,false,class
application/javascript,IANA,UTF-8,true,js;mjs
application/jf2feed+json,IANA,,true,
application/jose,IANA,,false,
application/jose+json,IANA,,true,
application/jrd+json,IANA,,true,
application/jscalendar+json,IANA,,true,
application/json,IANA,UTF-8,true,json;map
application/json-patch+json,IANA,,true,
application/json-seq,IANA,,false,
application/json5,,,false,json5
application/jsonml+json,APACHE,,true,jsonml
application/jwk+json,IANA,,true,
application/jwk-set+json,IANA,,true,
application/jwt,IANA,,false,
application/kpml-request+xml,IANA,,true,
application/kpml-response+xml,IANA,,true,
application/ld+json,IANA,,true,jsonld
application/lgr+xml,IANA,,true,lgr
application/link-format,IANA,,false,
application/load-control+xml,IANA,,true,
application/lost+xml,IANA,,true,lostxml
application/lostsync+xml,IANA,,true,
application/lpf+zip,IANA,,false,
application/lxf,IANA,,false,
application/mac-binhex40,IANA,,false,hqx
application/mac-compactpro,APACHE,,false,cpt
application/macwriteii,IANA,,false,
application/mads+xml,IANA,,true,mads
application/manifest+json,IANA,UTF-8,true,webmanifest
application/marc,IANA,,false,mrc
application/marcxml+xml,IANA,,true,mrcx
application/mathematica,IANA,,false,ma;nb;mb
application/mathml+xml,IANA,,true,mathml
application/mathml-content+xml,IANA,,true,
application/mathml-presentation+xml,IANA,,true,
application/mbms-associated-procedure-description+xml,IANA,,true,
application/mbms-deregister+xml,IANA,,true,
application/mbms-envelope+xml,IANA,,true,
application/mbms-msk+xml,IANA,,true,
application/mbms-msk-response+xml,IANA,,true,
application/mbms-protection-description+xml,IANA,,true,
application/mbms-reception-report+xml,IANA,,true,
application/mbms-register+xml,IANA,,true,
application/mbms-register-response+xml,IANA,,true,
application/mbms-schedule+xml,IANA,,true,
application/mbms-user-service-description+xml,IANA,,true,
application/mbox,IANA,,false,mbox
application/media-policy-dataset+xml,IANA,,true,mpf
application/media_control+xml,IANA,,true,
application/mediaservercontrol+xml,IANA,,true,mscml
application/merge-patch+json,IANA,,true,
application/metalink+xml,APACHE,,true,metalink
application/metalink4+xml,IANA,,true,meta4
application/mets+xml,IANA,,true,mets
application/mf4,IANA,,false,
application/mikey,IANA,,false,
application/mipc,IANA,,false,
application/missing-blocks+cbor-seq,IANA,,false,
application/mmt-aei+xml,IANA,,true,maei
application/mmt-usd+xml,IANA,,true,musd
application/mods+xml,IANA,,true,mods
application/moss-keys,IANA,,false,
application/moss-signature,IANA,,false,
application/mosskey-data,IANA,,false,
application/mosskey-request,IANA,,false,
application/mp21,IANA,,false,m21;mp21
application/mp4,IANA,,false,mp4s;m4p
application/mpeg4-generic,IANA,,false,
application/mpeg4-iod,IANA,,false,
application/mpeg4-iod-xmt,IANA,,false,
application/mrb-consumer+xml,IANA,,true,
application/mrb-publish+xml,IANA,,true,
application/msc-ivr+xml,IANA,UTF-8,true,
application/msc-mixer+xml,IANA,UTF-8,true,
application/msword,IANA,,false,doc;dot
application/mud+json,IANA,,true,
application/multipart-core,IANA,,false,
application/mxf,IANA,,false,mxf
application/n-quads,IANA,,false,nq
application/n-triples,IANA,,false,nt
application/nasdata,IANA,,false,
application/news-checkgroups,IANA,US-ASCII,false,
application/news-groupinfo,IANA,US-ASCII,false,
application/news-transmission,IANA,,false,
application/nlsml+xml,IANA,,true,
application/node,IANA,,false,cjs
application/nss,IANA,,false,
application/oauth-authz-req+jwt,IANA,,false,
application/oblivious-dns-message,IANA,,false,
application/ocsp-request,IANA,,false,
application/ocsp-response,IANA,,false,
application/octet-stream,IANA,,false,bin;dms;lrf;mar;so;dist;distz;pkg;bpk;dump;elc;deploy;exe;dll;deb;dmg;iso;img;msi;msp;msm;buffer
application/oda,IANA,,false,oda
application/odm+xml,IANA,,true,
application/odx,IANA,,false,
application/oebps-package+xml,IANA,,true,opf
application/ogg,IANA,,false,ogx
application/omdoc+xml,APACHE,,true,omdoc
application/onenote,APACHE,,false,onetoc;onetoc2;onetmp;onepkg
application/opc-nodeset+xml,IANA,,true,
application/oscore,IANA,,false,
application/oxps,IANA,,false,oxps
application/p21,IANA,,false,
application/p21+zip,IANA,,false,
application/p2p-overlay+xml,IANA,,true,relo
application/parityfec,IANA,,false,
application/passport,IANA,,false,
application/patch-ops-error+xml,IANA,,true,xer
application/pdf,IANA,,false,pdf
application/pdx,IANA,,false,
application/pem-certificate-chain,IANA,,false,
application/pgp-encrypted,IANA,,false,pgp
application/pgp-keys,IANA,,false,asc
application/pgp-signature,IANA,,false,asc;sig
application/pics-rules,APACHE,,false,prf
application/pidf+xml,IANA,UTF-8,true,
application/pidf-diff+xml,IANA,UTF-8,true,
application/pkcs10,IANA,,false,p10
application/pkcs12,IANA,,false,
application/pkcs7-mime,IANA,,false,p7m;p7c
application/pkcs7-signature,IANA,,false,p7s
application/pkcs8,IANA,,false,p8
application/pkcs8-encrypted,IANA,,false,
application/pkix-attr-cert,IANA,,false,ac
application/pkix-cert,IANA,,false,cer
application/pkix-crl,IANA,,false,crl
application/pkix-pkipath,IANA,,false,pkipath
application/pkixcmp,IANA,,false,pki
application/pls+xml,IANA,,true,pls
application/poc-settings+xml,IANA,UTF-8,true,
application/postscript,IANA,,true,ai;eps;ps
application/ppsp-tracker+json,IANA,,true,
application/problem+json,IANA,,true,
application/problem+xml,IANA,,true,
application/provenance+xml,IANA,,true,provx
application/prs.alvestrand.titrax-sheet,IANA,,false,
application/prs.cww,IANA,,false,cww
application/prs.cyn,IANA,7-BIT,false,
application/prs.hpub+zip,IANA,,false,
application/prs.nprend,IANA,,false,
application/prs.plucker,IANA,,false,
application/prs.rdf-xml-crypt,IANA,,false,
application/prs.xsf+xml,IANA,,true,
application/pskc+xml,IANA,,true,pskcxml
application/pvd+json,IANA,,true,
application/qsig,IANA,,false,
application/raml+yaml,,,true,raml
application/raptorfec,IANA,,false,
application/rdap+json,IANA,,true,
application/rdf+xml,IANA,,true,rdf;owl
application/reginfo+xml,IANA,,true,rif
application/relax-ng-compact-syntax,IANA,,false,rnc
application/remote-printing,IANA,,false,
application/reputon+json,IANA,,true,
application/resource-lists+xml,IANA,,true,rl
application/resource-lists-diff+xml,IANA,,true,rld
application/rfc+xml,IANA,,true,
application/riscos,IANA,,false,
application/rlmi+xml,IANA,,true,
application/rls-services+xml,IANA,,true,rs
application/route-apd+xml,IANA,,true,rapd
application/route-s-tsid+xml,IANA,,true,sls
application/route-usd+xml,IANA,,true,rusd
application/rpki-ghostbusters,IANA,,false,gbr
application/rpki-manifest,IANA,,false,mft
application/rpki-publication,IANA,,false,
application/rpki-roa,IANA,,false,roa
application/rpki-updown,IANA,,false,
application/rsd+xml,APACHE,,true,rsd
application/rss+xml,APACHE,,true,rss
application/rtf,IANA,,true,rtf
application/rtploopback,IANA,,false,
application/rtx,IANA,,false,
application/samlassertion+xml,IANA,,true,
application/samlmetadata+xml,IANA,,true,
application/sarif+json,IANA,,true,
application/sarif-external-properties+json,IANA,,true,
application/sbe,IANA,,false,
application/sbml+xml,IANA,,true,sbml
application/scaip+xml,IANA,,true,
application/scim+json,IANA,,true,
application/scvp-cv-request,IANA,,false,scq
application/scvp-cv-response,IANA,,false,scs
application/scvp-vp-request,IANA,,false,spq
application/scvp-vp-response,IANA,,false,spp
application/sdp,IANA,,false,sdp
application/secevent+jwt,IANA,,false,
application/senml+cbor,IANA,,false,
application/senml+json,IANA,,true,
application/senml+xml,IANA,,true,senmlx
application/senml-etch+cbor,IANA,,false,
application/senml-etch+json,IANA,,true,
application/senml-exi,IANA,,false,
application/sensml+cbor,IANA,,false,
application/sensml+json,IANA,,true,
application/sensml+xml,IANA,,true,sensmlx
application/sensml-exi,IANA,,false,
application/sep+xml,IANA,,true,
application/sep-exi,IANA,,false,
application/session-info,IANA,,false,
application/set-payment,IANA,,false,
application/set-payment-initiation,IANA,,false,setpay
application/set-registration,IANA,,false,
application/set-registration-initiation,IANA,,false,setreg
application/sgml,IANA,,false,
application/sgml-open-catalog,IANA,,false,
application/shf+xml,IANA,,true,shf
application/sieve,IANA,,false,siv;sieve
application/simple-filter+xml,IANA,,true,
application/simple-message-summary,IANA,,false,
application/simplesymbolcontainer,IANA,,false,
application/sipc,IANA,,false,
application/slate,IANA,,false,
application/smil,IANA,,false,
application/smil+xml,IANA,,true,smi;smil
application/smpte336m,IANA,,false,
application/soap+fastinfoset,IANA,,false,
application/soap+xml,IANA,,true,
application/sparql-query,IANA,,false,rq
application/sparql-results+xml,IANA,,true,srx
application/spdx+json,IANA,,true,
application/spirits-event+xml,IANA,,true,
application/sql,IANA,,false,
application/srgs,IANA,,false,gram
application/srgs+xml,IANA,,true,grxml
application/sru+xml,IANA,,true,sru
application/ssdl+xml,APACHE,,true,ssdl
application/ssml+xml,IANA,,true,ssml
application/stix+json,IANA,,true,
application/swid+xml,IANA,,true,swidtag
application/tamp-apex-update,IANA,,false,
application/tamp-apex-update-confirm,IANA,,false,
application/tamp-community-update,IANA,,false,
application/tamp-community-update-confirm,IANA,,false,
application/tamp-error,IANA,,false,
application/tamp-sequence-adjust,IANA,,false,
application/tamp-sequence-adjust-confirm,IANA,,false,
application/tamp-status-query,IANA,,false,
application/tamp-status-response,IANA,,false,
application/tamp-update,IANA,,false,
application/tamp-update-confirm,IANA,,false,
application/tar,,,true,
application/taxii+json,IANA,,true,
application/td+json,IANA,,true,
application/tei+xml,IANA,,true,tei;teicorpus
application/tetra_isi,IANA,,false,
application/thraud+xml,IANA,,true,tfi
application/timestamp-query,IANA,,false,
application/timestamp-reply,IANA,,false,
application/timestamped-data,IANA,,false,tsd
application/tlsrpt+gzip,IANA,,false,
application/tlsrpt+json,IANA,,true,
application/tnauthlist,IANA,,false,
application/token-introspection+jwt,IANA,,false,
application/toml,,,true,toml
application/trickle-ice-sdpfrag,IANA,,false,
application/trig,IANA,,false,trig
application/ttml+xml,IANA,,true,ttml
application/tve-trigger,IANA,,false,
application/tzif,IANA,,false,
application/tzif-leap,IANA,,false,
application/ubjson,,,false,ubj
application/ulpfec,IANA,,false,
application/urc-grpsheet+xml,IANA,,true,
application/urc-ressheet+xml,IANA,,true,rsheet
application/urc-targetdesc+xml,IANA,,true,td
application/urc-uisocketdesc+xml,IANA,,true,
application/vcard+json,IANA,,true,
application/vcard+xml,IANA,,true,
application/vemmi,IANA,,false,
application/vividence.scriptfile,APACHE,,false,
application/vnd.1000minds.decision-model+xml,IANA,,true,1km
application/vnd.3gpp-prose+xml,IANA,,true,
application/vnd.3gpp-prose-pc3ch+xml,IANA,,true,
application/vnd.3gpp-v2x-local-service-information,IANA,,false,
application/vnd.3gpp.5gnas,IANA,,false,
application/vnd.3gpp.access-transfer-events+xml,IANA,,true,
application/vnd.3gpp.bsf+xml,IANA,,true,
application/vnd.3gpp.gmop+xml,IANA,,true,
application/vnd.3gpp.gtpc,IANA,,false,
application/vnd.3gpp.interworking-data,IANA,,false,
application/vnd.3gpp.lpp,IANA,,false,
application/vnd.3gpp.mc-signalling-ear,IANA,,false,
application/vnd.3gpp.mcdata-affiliation-command+xml,IANA,,true,
application/vnd.3gpp.mcdata-info+xml,IANA,,true,
application/vnd.3gpp.mcdata-payload,IANA,,false,
application/vnd.3gpp.mcdata-service-config+xml,IANA,,true,
application/vnd.3gpp.mcdata-signalling,IANA,,false,
application/vnd.3gpp.mcdata-ue-config+xml,IANA,,true,
application/vnd.3gpp.mcdata-user-profile+xml,IANA,,true,
application/vnd.3gpp.mcptt-affiliation-command+xml,IANA,,true,
application/vnd.3gpp.mcptt-floor-request+xml,IANA,,true,
application/vnd.3gpp.mcptt-info+xml,IANA,,true,
application/vnd.3gpp.mcptt-location-info+xml,IANA,,true,
application/vnd.3gpp.mcptt-mbms-usage-info+xml,IANA,,true,
application/vnd.3gpp.mcptt-service-config+xml,IANA,,true,
application/vnd.3gpp.mcptt-signed+xml,IANA,,true,
application/vnd.3gpp.mcptt-ue-config+xml,IANA,,true,
application/vnd.3gpp.mcptt-ue-init-config+xml,IANA,,true,
application/vnd.3gpp.mcptt-user-profile+xml,IANA,,true,
application/vnd.3gpp.mcvideo-affiliation-command+xml,IANA,,true,
application/vnd.3gpp.mcvideo-affiliation-info+xml,IANA,,true,
application/vnd.3gpp.mcvideo-info+xml,IANA,,true,
application/vnd.3gpp.mcvideo-location-info+xml,IANA,,true,
application/vnd.3gpp.mcvideo-mbms-usage-info+xml,IANA,,true,
application/vnd.3gpp.mcvideo-service-config+xml,IANA,,true,
application/vnd.3gpp.mcvideo-transmission-request+xml,IANA,,true,
application/vnd.3gpp.mcvideo-ue-config+xml,IANA,,true,
application/vnd.3gpp.mcvideo-user-profile+xml,IANA,,true,
application/vnd.3gpp.mid-call+xml,IANA,,true,
application/vnd.3gpp.ngap,IANA,,false,
application/vnd.3gpp.pfcp,IANA,,false,
application/vnd.3gpp.pic-bw-large,IANA,,false,plb
application/vnd.3gpp.pic-bw-small,IANA,,false,psb
application/vnd.3gpp.pic-bw-var,IANA,,false,pvb
application/vnd.3gpp.s1ap,IANA,,false,
application/vnd.3gpp.sms,IANA,,false,
application/vnd.3gpp.sms+xml,IANA,,true,
application/vnd.3gpp.srvcc-ext+xml,IANA,,true,
application/vnd.3gpp.srvcc-info+xml,IANA,,true,
application/vnd.3gpp.state-and-event-info+xml,IANA,,true,
application/vnd.3gpp.ussd+xml,IANA,,true,
application/vnd.3gpp2.bcmcsinfo+xml,IANA,,true,
application/vnd.3gpp2.sms,IANA,,false,
application/vnd.3gpp2.tcap,IANA,,false,tcap
application/vnd.3lightssoftware.imagescal,IANA,,false,
application/vnd.3m.post-it-notes,IANA,,false,pwn
application/vnd.accpac.simply.aso,IANA,,false,aso
application/vnd.accpac.simply.imp,IANA,,false,imp
application/vnd.acucobol,IANA,,false,acu
application/vnd.acucorp,IANA,,false,atc;acutc
application/vnd.adobe.air-application-installer-package+zip,APACHE,,false,air
application/vnd.adobe.flash.movie,IANA,,false,
application/vnd.adobe.formscentral.fcdt,IANA,,false,fcdt
application/vnd.adobe.fxp,IANA,,false,fxp;fxpl
application/vnd.adobe.partial-upload,IANA,,false,
application/vnd.adobe.xdp+xml,IANA,,true,xdp
application/vnd.adobe.xfdf,IANA,,false,xfdf
application/vnd.aether.imp,IANA,,false,
application/vnd.afpc.afplinedata,IANA,,false,
application/vnd.afpc.afplinedata-pagedef,IANA,,false,
application/vnd.afpc.cmoca-cmresource,IANA,,false,
application/vnd.afpc.foca-charset,IANA,,false,
application/vnd.afpc.foca-codedfont,IANA,,false,
application/vnd.afpc.foca-codepage,IANA,,false,
application/vnd.afpc.modca,IANA,,false,
application/vnd.afpc.modca-cmtable,IANA,,false,
application/vnd.afpc.modca-formdef,IANA,,false,
application/vnd.afpc.modca-mediummap,IANA,,false,
application/vnd.afpc.modca-objectcontainer,IANA,,false,
application/vnd.afpc.modca-overlay,IANA,,false,
application/vnd.afpc.modca-pagesegment,IANA,,false,
application/vnd.age,IANA,,false,age
application/vnd.ah-barcode,IANA,,false,
application/vnd.ahead.space,IANA,,false,ahead
application/vnd.airzip.filesecure.azf,IANA,,false,azf
application/vnd.airzip.filesecure.azs,IANA,,false,azs
application/vnd.amadeus+json,IANA,,true,
application/vnd.amazon.ebook,APACHE,,false,azw
application/vnd.amazon.mobi8-ebook,IANA,,false,
application/vnd.americandynamics.acc,IANA,,false,acc
application/vnd.amiga.ami,IANA,,false,ami
application/vnd.amundsen.maze+xml,IANA,,true,
application/vnd.android.ota,IANA,,false,
application/vnd.android.package-archive,APACHE,,false,apk
application/vnd.anki,IANA,,false,
application/vnd.anser-web-certificate-issue-initiation,IANA,,false,cii
application/vnd.anser-web-funds-transfer-initiation,APACHE,,false,fti
application/vnd.antix.game-component,IANA,,false,atx
application/vnd.apache.arrow.file,IANA,,false,
application/vnd.apache.arrow.stream,IANA,,false,
application/vnd.apache.thrift.binary,IANA,,false,
application/vnd.apache.thrift.compact,IANA,,false,
application/vnd.apache.thrift.json,IANA,,false,
application/vnd.api+json,IANA,,true,
application/vnd.aplextor.warrp+json,IANA,,true,
application/vnd.apothekende.reservation+json,IANA,,true,
application/vnd.apple.installer+xml,IANA,,true,mpkg
application/vnd.apple.keynote,IANA,,false,key
application/vnd.apple.mpegurl,IANA,,false,m3u8
application/vnd.apple.numbers,IANA,,false,numbers
application/vnd.apple.pages,IANA,,false,pages
application/vnd.apple.pkpass,,,false,pkpass
application/vnd.arastra.swi,IANA,,false,
application/vnd.aristanetworks.swi,IANA,,false,swi
application/vnd.artisan+json,IANA,,true,
application/vnd.artsquare,IANA,,false,
application/vnd.astraea-software.iota,IANA,,false,iota
application/vnd.audiograph,IANA,,false,aep
application/vnd.autopackage,IANA,,false,
application/vnd.avalon+json,IANA,,true,
application/vnd.avistar+xml,IANA,,true,
application/vnd.balsamiq.bmml+xml,IANA,,true,bmml
application/vnd.balsamiq.bmpr,IANA,,false,
application/vnd.banana-accounting,IANA,,false,
application/vnd.bbf.usp.error,IANA,,false,
application/vnd.bbf.usp.msg,IANA,,false,
application/vnd.bbf.usp.msg+json,IANA,,true,
application/vnd.bekitzur-stech+json,IANA,,true,
application/vnd.bint.med-content,IANA,,false,
application/vnd.biopax.rdf+xml,IANA,,true,
application/vnd.blink-idb-value-wrapper,IANA,,false,
application/vnd.blueice.multipass,IANA,,false,mpm
application/vnd.bluetooth.ep.oob,IANA,,false,
application/vnd.bluetooth.le.oob,IANA,,false,
application/vnd.bmi,IANA,,false,bmi
application/vnd.bpf,IANA,,false,
application/vnd.bpf3,IANA,,false,
application/vnd.businessobjects,IANA,,false,rep
application/vnd.byu.uapi+json,IANA,,true,
application/vnd.cab-jscript,IANA,,false,
application/vnd.canon-cpdl,IANA,,false,
application/vnd.canon-lips,IANA,,false,
application/vnd.capasystems-pg+json,IANA,,true,
application/vnd.cendio.thinlinc.clientconf,IANA,,false,
application/vnd.century-systems.tcp_stream,IANA,,false,
application/vnd.chemdraw+xml,IANA,,true,cdxml
application/vnd.chess-pgn,IANA,,false,
application/vnd.chipnuts.karaoke-mmd,IANA,,false,mmd
application/vnd.ciedi,IANA,,false,
application/vnd.cinderella,IANA,,false,cdy
application/vnd.cirpack.isdn-ext,IANA,,false,
application/vnd.citationstyles.style+xml,IANA,,true,csl
application/vnd.claymore,IANA,,false,cla
application/vnd.cloanto.rp9,IANA,,false,rp9
application/vnd.clonk.c4group,IANA,,false,c4g;c4d;c4f;c4p;c4u
application/vnd.cluetrust.cartomobile-config,IANA,,false,c11amc
application/vnd.cluetrust.cartomobile-config-pkg,IANA,,false,c11amz
application/vnd.coffeescript,IANA,,false,
application/vnd.collabio.xodocuments.document,IANA,,false,
application/vnd.collabio.xodocuments.document-template,IANA,,false,
application/vnd.collabio.xodocuments.presentation,IANA,,false,
application/vnd.collabio.xodocuments.presentation-template,IANA,,false,
application/vnd.collabio.xodocuments.spreadsheet,IANA,,false,
application/vnd.collabio.xodocuments.spreadsheet-template,IANA,,false,
application/vnd.collection+json,IANA,,true,
application/vnd.collection.doc+json,IANA,,true,
application/vnd.collection.next+json,IANA,,true,
application/vnd.comicbook+zip,IANA,,false,
application/vnd.comicbook-rar,IANA,,false,
application/vnd.commerce-battelle,IANA,,false,
application/vnd.commonspace,IANA,,false,csp
application/vnd.contact.cmsg,IANA,,false,cdbcmsg
application/vnd.coreos.ignition+json,IANA,,true,
application/vnd.cosmocaller,IANA,,false,cmc
application/vnd.crick.clicker,IANA,,false,clkx
application/vnd.crick.clicker.keyboard,IANA,,false,clkk
application/vnd.crick.clicker.palette,IANA,,false,clkp
application/vnd.crick.clicker.template,IANA,,false,clkt
application/vnd.crick.clicker.wordbank,IANA,,false,clkw
application/vnd.criticaltools.wbs+xml,IANA,,true,wbs
application/vnd.cryptii.pipe+json,IANA,,true,
application/vnd.crypto-shade-file,IANA,,false,
application/vnd.cryptomator.encrypted,IANA,,false,
application/vnd.cryptomator.vault,IANA,,false,
application/vnd.ctc-posml,IANA,,false,pml
application/vnd.ctct.ws+xml,IANA,,true,
application/vnd.cups-pdf,IANA,,false,
application/vnd.cups-postscript,IANA,,false,
application/vnd.cups-ppd,IANA,,false,ppd
application/vnd.cups-raster,IANA,,false,
application/vnd.cups-raw,IANA,,false,
application/vnd.curl,IANA,,false,
application/vnd.curl.car,APACHE,,false,car
application/vnd.curl.pcurl,APACHE,,false,pcurl
application/vnd.cyan.dean.root+xml,IANA,,true,
application/vnd.cybank,IANA,,false,
application/vnd.cyclonedx+json,IANA,,true,
application/vnd.cyclonedx+xml,IANA,,true,
application/vnd.d2l.coursepackage1p0+zip,IANA,,false,
application/vnd.d3m-dataset,IANA,,false,
application/vnd.d3m-problem,IANA,,false,
application/vnd.dart,IANA,,true,dart
application/vnd.data-vision.rdz,IANA,,false,rdz
application/vnd.datapackage+json,IANA,,true,
application/vnd.dataresource+json,IANA,,true,
application/vnd.dbf,IANA,,false,dbf
application/vnd.debian.binary-package,IANA,,false,
application/vnd.dece.data,IANA,,false,uvf;uvvf;uvd;uvvd
application/vnd.dece.ttml+xml,IANA,,true,uvt;uvvt
application/vnd.dece.unspecified,IANA,,false,uvx;uvvx
application/vnd.dece.zip,IANA,,false,uvz;uvvz
application/vnd.denovo.fcselayout-link,IANA,,false,fe_launch
application/vnd.desmume.movie,IANA,,false,
application/vnd.dir-bi.plate-dl-nosuffix,IANA,,false,
application/vnd.dm.delegation+xml,IANA,,true,
application/vnd.dna,IANA,,false,dna
application/vnd.document+json,IANA,,true,
application/vnd.dolby.mlp,APACHE,,false,mlp
application/vnd.dolby.mobile.1,IANA,,false,
application/vnd.dolby.mobile.2,IANA,,false,
application/vnd.doremir.scorecloud-binary-document,IANA,,false,
application/vnd.dpgraph,IANA,,false,dpg
application/vnd.dreamfactory,IANA,,false,dfac
application/vnd.drive+json,IANA,,true,
application/vnd.ds-keypoint,APACHE,,false,kpxx
application/vnd.dtg.local,IANA,,false,
application/vnd.dtg.local.flash,IANA,,false,
application/vnd.dtg.local.html,IANA,,false,
application/vnd.dvb.ait,IANA,,false,ait
application/vnd.dvb.dvbisl+xml,IANA,,true,
application/vnd.dvb.dvbj,IANA,,false,
application/vnd.dvb.esgcontainer,IANA,,false,
application/vnd.dvb.ipdcdftnotifaccess,IANA,,false,
application/vnd.dvb.ipdcesgaccess,IANA,,false,
application/vnd.dvb.ipdcesgaccess2,IANA,,false,
application/vnd.dvb.ipdcesgpdd,IANA,,false,
application/vnd.dvb.ipdcroaming,IANA,,false,
application/vnd.dvb.iptv.alfec-base,IANA,,false,
application/vnd.dvb.iptv.alfec-enhancement,IANA,,false,
application/vnd.dvb.notif-aggregate-root+xml,IANA,,true,
application/vnd.dvb.notif-container+xml,IANA,,true,
application/vnd.dvb.notif-generic+xml,IANA,,true,
application/vnd.dvb.notif-ia-msglist+xml,IANA,,true,
application/vnd.dvb.notif-ia-registration-request+xml,IANA,,true,
application/vnd.dvb.notif-ia-registration-response+xml,IANA,,true,
application/vnd.dvb.notif-init+xml,IANA,,true,
application/vnd.dvb.pfr,IANA,,false,
application/vnd.dvb.service,IANA,,false,svc
application/vnd.dxr,IANA,,false,
application/vnd.dynageo,IANA,,false,geo
application/vnd.dzr,IANA,,false,
application/vnd.easykaraoke.cdgdownload,IANA,,false,
application/vnd.ecdis-update,IANA,,false,
application/vnd.ecip.rlp,IANA,,false,
application/vnd.eclipse.ditto+json,IANA,,true,
application/vnd.ecowin.chart,IANA,,false,mag
application/vnd.ecowin.filerequest,IANA,,false,
application/vnd.ecowin.fileupdate,IANA,,false,
application/vnd.ecowin.series,IANA,,false,
application/vnd.ecowin.seriesrequest,IANA,,false,
application/vnd.ecowin.seriesupdate,IANA,,false,
application/vnd.efi.img,IANA,,false,
application/vnd.efi.iso,IANA,,false,
application/vnd.emclient.accessrequest+xml,IANA,,true,
application/vnd.enliven,IANA,,false,nml
application/vnd.enphase.envoy,IANA,,false,
application/vnd.eprints.data+xml,IANA,,true,
application/vnd.epson.esf,IANA,,false,esf
application/vnd.epson.msf,IANA,,false,msf
application/vnd.epson.quickanime,IANA,,false,qam
application/vnd.epson.salt,IANA,,false,slt
application/vnd.epson.ssf,IANA,,false,ssf
application/vnd.ericsson.quickcall,IANA,,false,
application/vnd.espass-espass+zip,IANA,,false,
application/vnd.eszigno3+xml,IANA,,true,es3;et3
application/vnd.etsi.aoc+xml,IANA,,true,
application/vnd.etsi.asic-e+zip,IANA,,false,
application/vnd.etsi.asic-s+zip,IANA,,false,
application/vnd.etsi.cug+xml,IANA,,true,
application/vnd.etsi.iptvcommand+xml,IANA,,true,
application/vnd.etsi.iptvdiscovery+xml,IANA,,true,
application/vnd.etsi.iptvprofile+xml,IANA,,true,
application/vnd.etsi.iptvsad-bc+xml,IANA,,true,
application/vnd.etsi.iptvsad-cod+xml,IANA,,true,
application/vnd.etsi.iptvsad-npvr+xml,IANA,,true,
application/vnd.etsi.iptvservice+xml,IANA,,true,
application/vnd.etsi.iptvsync+xml,IANA,,true,
application/vnd.etsi.iptvueprofile+xml,IANA,,true,
application/vnd.etsi.mcid+xml,IANA,,true,
application/vnd.etsi.mheg5,IANA,,false,
application/vnd.etsi.overload-control-policy-dataset+xml,IANA,,true,
application/vnd.etsi.pstn+xml,IANA,,true,
application/vnd.etsi.sci+xml,IANA,,true,
application/vnd.etsi.simservs+xml,IANA,,true,
application/vnd.etsi.timestamp-token,IANA,,false,
application/vnd.etsi.tsl+xml,IANA,,true,
application/vnd.etsi.tsl.der,IANA,,false,
application/vnd.eu.kasparian.car+json,IANA,,true,
application/vnd.eudora.data,IANA,,false,
application/vnd.evolv.ecig.profile,IANA,,false,
application/vnd.evolv.ecig.settings,IANA,,false,
application/vnd.evolv.ecig.theme,IANA,,false,
application/vnd.exstream-empower+zip,IANA,,false,
application/vnd.exstream-package,IANA,,false,
application/vnd.ezpix-album,IANA,,false,ez2
application/vnd.ezpix-package,IANA,,false,ez3
application/vnd.f-secure.mobile,IANA,,false,
application/vnd.familysearch.gedcom+zip,IANA,,false,
application/vnd.fastcopy-disk-image,IANA,,false,
application/vnd.fdf,IANA,,false,fdf
application/vnd.fdsn.mseed,IANA,,false,mseed
application/vnd.fdsn.seed,IANA,,false,seed;dataless
application/vnd.ffsns,IANA,,false,
application/vnd.ficlab.flb+zip,IANA,,false,
application/vnd.filmit.zfc,IANA,,false,
application/vnd.fints,IANA,,false,
application/vnd.firemonkeys.cloudcell,IANA,,false,
application/vnd.flographit,IANA,,false,gph
application/vnd.fluxtime.clip,IANA,,false,ftc
application/vnd.font-fontforge-sfd,IANA,,false,
application/vnd.framemaker,IANA,,false,fm;frame;maker;book
application/vnd.frogans.fnc,IANA,,false,fnc
application/vnd.frogans.ltf,IANA,,false,ltf
application/vnd.fsc.weblaunch,IANA,,false,fsc
application/vnd.fujifilm.fb.docuworks,IANA,,false,
application/vnd.fujifilm.fb.docuworks.binder,IANA,,false,
application/vnd.fujifilm.fb.docuworks.container,IANA,,false,
application/vnd.fujifilm.fb.jfi+xml,IANA,,true,
application/vnd.fujitsu.oasys,IANA,,false,oas
application/vnd.fujitsu.oasys2,IANA,,false,oa2
application/vnd.fujitsu.oasys3,IANA,,false,oa3
application/vnd.fujitsu.oasysgp,IANA,,false,fg5
application/vnd.fujitsu.oasysprs,IANA,,false,bh2
application/vnd.fujixerox.art-ex,IANA,,false,
application/vnd.fujixerox.art4,IANA,,false,
application/vnd.fujixerox.ddd,IANA,,false,ddd
application/vnd.fujixerox.docuworks,IANA,,false,xdw
application/vnd.fujixerox.docuworks.binder,IANA,,false,xbd
application/vnd.fujixerox.docuworks.container,IANA,,false,
application/vnd.fujixerox.hbpl,IANA,,false,
application/vnd.fut-misnet,IANA,,false,
application/vnd.futoin+cbor,IANA,,false,
application/vnd.futoin+json,IANA,,true,
application/vnd.fuzzysheet,IANA,,false,fzs
application/vnd.genomatix.tuxedo,IANA,,false,txd
application/vnd.gentics.grd+json,IANA,,true,
application/vnd.geo+json,IANA,,true,
application/vnd.geocube+xml,IANA,,true,
application/vnd.geogebra.file,IANA,,false,ggb
application/vnd.geogebra.slides,IANA,,false,
application/vnd.geogebra.tool,IANA,,false,ggt
application/vnd.geometry-explorer,IANA,,false,gex;gre
application/vnd.geonext,IANA,,false,gxt
application/vnd.geoplan,IANA,,false,g2w
application/vnd.geospace,IANA,,false,g3w
application/vnd.gerber,IANA,,false,
application/vnd.globalplatform.card-content-mgt,IANA,,false,
application/vnd.globalplatform.card-content-mgt-response,IANA,,false,
application/vnd.gmx,IANA,,false,gmx
application/vnd.google-apps.document,,,false,gdoc
application/vnd.google-apps.presentation,,,false,gslides
application/vnd.google-apps.spreadsheet,,,false,gsheet
application/vnd.google-earth.kml+xml,IANA,,true,kml
application/vnd.google-earth.kmz,IANA,,false,kmz
application/vnd.gov.sk.e-form+xml,IANA,,true,
application/vnd.gov.sk.e-form+zip,IANA,,false,
application/vnd.gov.sk.xmldatacontainer+xml,IANA,,true,
application/vnd.grafeq,IANA,,false,gqf;gqs
application/vnd.gridmp,IANA,,false,
application/vnd.groove-account,IANA,,false,gac
application/vnd.groove-help,IANA,,false,ghf
application/vnd.groove-identity-message,IANA,,false,gim
application/vnd.groove-injector,IANA,,false,grv
application/vnd.groove-tool-message,IANA,,false,gtm
application/vnd.groove-tool-template,IANA,,false,tpl
application/vnd.groove-vcard,IANA,,false,vcg
application/vnd.hal+json,IANA,,true,
application/vnd.hal+xml,IANA,,true,hal
application/vnd.handheld-entertainment+xml,IANA,,true,zmm
application/vnd.hbci,IANA,,false,hbci
application/vnd.hc+json,IANA,,true,
application/vnd.hcl-bireports,IANA,,false,
application/vnd.hdt,IANA,,false,
application/vnd.heroku+json,IANA,,true,
application/vnd.hhe.lesson-player,IANA,,false,les
application/vnd.hl7cda+xml,IANA,UTF-8,true,
application/vnd.hl7v2+xml,IANA,UTF-8,true,
application/vnd.hp-hpgl,IANA,,false,hpgl
application/vnd.hp-hpid,IANA,,false,hpid
application/vnd.hp-hps,IANA,,false,hps
application/vnd.hp-jlyt,IANA,,false,jlt
application/vnd.hp-pcl,IANA,,false,pcl
application/vnd.hp-pclxl,IANA,,false,pclxl
application/vnd.httphone,IANA,,false,
application/vnd.hydrostatix.sof-data,IANA,,false,sfd-hdstx
application/vnd.hyper+json,IANA,,true,
application/vnd.hyper-item+json,IANA,,true,
application/vnd.hyperdrive+json,IANA,,true,
application/vnd.hzn-3d-crossword,IANA,,false,
application/vnd.ibm.afplinedata,IANA,,false,
application/vnd.ibm.electronic-media,IANA,,false,
application/vnd.ibm.minipay,IANA,,false,mpy
application/vnd.ibm.modcap,IANA,,false,afp;listafp;list3820
application/vnd.ibm.rights-management,IANA,,false,irm
application/vnd.ibm.secure-container,IANA,,false,sc
application/vnd.iccprofile,IANA,,false,icc;icm
application/vnd.ieee.1905,IANA,,false,
application/vnd.igloader,IANA,,false,igl
application/vnd.imagemeter.folder+zip,IANA,,false,
application/vnd.imagemeter.image+zip,IANA,,false,
application/vnd.immervision-ivp,IANA,,false,ivp
application/vnd.immervision-ivu,IANA,,false,ivu
application/vnd.ims.imsccv1p1,IANA,,false,
application/vnd.ims.imsccv1p2,IANA,,false,
application/vnd.ims.imsccv1p3,IANA,,false,
application/vnd.ims.lis.v2.result+json,IANA,,true,
application/vnd.ims.lti.v2.toolconsumerprofile+json,IANA,,true,
application/vnd.ims.lti.v2.toolproxy+json,IANA,,true,
application/vnd.ims.lti.v2.toolproxy.id+json,IANA,,true,
application/vnd.ims.lti.v2.toolsettings+json,IANA,,true,
application/vnd.ims.lti.v2.toolsettings.simple+json,IANA,,true,
application/vnd.informedcontrol.rms+xml,IANA,,true,
application/vnd.informix-visionary,IANA,,false,
application/vnd.infotech.project,IANA,,false,
application/vnd.infotech.project+xml,IANA,,true,
application/vnd.innopath.wamp.notification,IANA,,false,
application/vnd.insors.igm,IANA,,false,igm
application/vnd.intercon.formnet,IANA,,false,xpw;xpx
application/vnd.intergeo,IANA,,false,i2g
application/vnd.intertrust.digibox,IANA,,false,
application/vnd.intertrust.nncp,IANA,,false,
application/vnd.intu.qbo,IANA,,false,qbo
application/vnd.intu.qfx,IANA,,false,qfx
application/vnd.iptc.g2.catalogitem+xml,IANA,,true,
application/vnd.iptc.g2.conceptitem+xml,IANA,,true,
application/vnd.iptc.g2.knowledgeitem+xml,IANA,,true,
application/vnd.iptc.g2.newsitem+xml,IANA,,true,
application/vnd.iptc.g2.newsmessage+xml,IANA,,true,
application/vnd.iptc.g2.packageitem+xml,IANA,,true,
application/vnd.iptc.g2.planningitem+xml,IANA,,true,
application/vnd.ipunplugged.rcprofile,IANA,,false,rcprofile
application/vnd.irepository.package+xml,IANA,,true,irp
application/vnd.is-xpr,IANA,,false,xpr
application/vnd.isac.fcs,IANA,,false,fcs
application/vnd.iso11783-10+zip,IANA,,false,
application/vnd.jam,IANA,,false,jam
application/vnd.japannet-directory-service,IANA,,false,
application/vnd.japannet-jpnstore-wakeup,IANA,,false,
application/vnd.japannet-payment-wakeup,IANA,,false,
application/vnd.japannet-registration,IANA,,false,
application/vnd.japannet-registration-wakeup,IANA,,false,
application/vnd.japannet-setstore-wakeup,IANA,,false,
application/vnd.japannet-verification,IANA,,false,
application/vnd.japannet-verification-wakeup,IANA,,false,
application/vnd.jcp.javame.midlet-rms,IANA,,false,rms
application/vnd.jisp,IANA,,false,jisp
application/vnd.joost.joda-archive,IANA,,false,joda
application/vnd.jsk.isdn-ngn,IANA,,false,
application/vnd.kahootz,IANA,,false,ktz;ktr
application/vnd.kde.karbon,IANA,,false,karbon
application/vnd.kde.kchart,IANA,,false,chrt
application/vnd.kde.kformula,IANA,,false,kfo
application/vnd.kde.kivio,IANA,,false,flw
application/vnd.kde.kontour,IANA,,false,kon
application/vnd.kde.kpresenter,IANA,,false,kpr;kpt
application/vnd.kde.kspread,IANA,,false,ksp
application/vnd.kde.kword,IANA,,false,kwd;kwt
application/vnd.kenameaapp,IANA,,false,htke
application/vnd.kidspiration,IANA,,false,kia
application/vnd.kinar,IANA,,false,kne;knp
application/vnd.koan,IANA,,false,skp;skd;skt;skm
application/vnd.kodak-descriptor,IANA,,false,sse
application/vnd.las,IANA,,false,
application/vnd.las.las+json,IANA,,true,
application/vnd.las.las+xml,IANA,,true,lasxml
application/vnd.laszip,IANA,,false,
application/vnd.leap+json,IANA,,true,
application/vnd.liberty-request+xml,IANA,,true,
application/vnd.llamagraphics.life-balance.desktop,IANA,,false,lbd
application/vnd.llamagraphics.life-balance.exchange+xml,IANA,,true,lbe
application/vnd.logipipe.circuit+zip,IANA,,false,
application/vnd.loom,IANA,,false,
application/vnd.lotus-1-2-3,IANA,,false,123
application/vnd.lotus-approach,IANA,,false,apr
application/vnd.lotus-freelance,IANA,,false,pre
application/vnd.lotus-notes,IANA,,false,nsf
application/vnd.lotus-organizer,IANA,,false,org
application/vnd.lotus-screencam,IANA,,false,scm
application/vnd.lotus-wordpro,IANA,,false,lwp
application/vnd.macports.portpkg,IANA,,false,portpkg
application/vnd.mapbox-vector-tile,IANA,,false,mvt
application/vnd.marlin.drm.actiontoken+xml,IANA,,true,
application/vnd.marlin.drm.conftoken+xml,IANA,,true,
application/vnd.marlin.drm.license+xml,IANA,,true,
application/vnd.marlin.drm.mdcf,IANA,,false,
application/vnd.mason+json,IANA,,true,
application/vnd.maxar.archive.3tz+zip,IANA,,false,
application/vnd.maxmind.maxmind-db,IANA,,false,
application/vnd.mcd,IANA,,false,mcd
application/vnd.medcalcdata,IANA,,false,mc1
application/vnd.mediastation.cdkey,IANA,,false,cdkey
application/vnd.meridian-slingshot,IANA,,false,
application/vnd.mfer,IANA,,false,mwf
application/vnd.mfmp,IANA,,false,mfm
application/vnd.micro+json,IANA,,true,
application/vnd.micrografx.flo,IANA,,false,flo
application/vnd.micrografx.igx,IANA,,false,igx
application/vnd.microsoft.portable-executable,IANA,,false,
application/vnd.microsoft.windows.thumbnail-cache,IANA,,false,
application/vnd.miele+json,IANA,,true,
application/vnd.mif,IANA,,false,mif
application/vnd.minisoft-hp3000-save,IANA,,false,
application/vnd.mitsubishi.misty-guard.trustweb,IANA,,false,
application/vnd.mobius.daf,IANA,,false,daf
application/vnd.mobius.dis,IANA,,false,dis
application/vnd.mobius.mbk,IANA,,false,mbk
application/vnd.mobius.mqy,IANA,,false,mqy
application/vnd.mobius.msl,IANA,,false,msl
application/vnd.mobius.plc,IANA,,false,plc
application/vnd.mobius.txf,IANA,,false,txf
application/vnd.mophun.application,IANA,,false,mpn
application/vnd.mophun.certificate,IANA,,false,mpc
application/vnd.motorola.flexsuite,IANA,,false,
application/vnd.motorola.flexsuite.adsi,IANA,,false,
application/vnd.motorola.flexsuite.fis,IANA,,false,
application/vnd.motorola.flexsuite.gotap,IANA,,false,
application/vnd.motorola.flexsuite.kmr,IANA,,false,
application/vnd.motorola.flexsuite.ttc,IANA,,false,
application/vnd.motorola.flexsuite.wem,IANA,,false,
application/vnd.motorola.iprm,IANA,,false,
application/vnd.mozilla.xul+xml,IANA,,true,xul
application/vnd.ms-3mfdocument,IANA,,false,
application/vnd.ms-artgalry,IANA,,false,cil
application/vnd.ms-asf,IANA,,false,
application/vnd.ms-cab-compressed,IANA,,false,cab
application/vnd.ms-color.iccprofile,APACHE,,false,
application/vnd.ms-excel,IANA,,false,xls;xlm;xla;xlc;xlt;xlw
application/vnd.ms-excel.addin.macroenabled.12,IANA,,false,xlam
application/vnd.ms-excel.sheet.binary.macroenabled.12,IANA,,false,xlsb
application/vnd.ms-excel.sheet.macroenabled.12,IANA,,false,xlsm
application/vnd.ms-excel.template.macroenabled.12,IANA,,false,xltm
application/vnd.ms-fontobject,IANA,,true,eot
application/vnd.ms-htmlhelp,IANA,,false,chm
application/vnd.ms-ims,IANA,,false,ims
application/vnd.ms-lrm,IANA,,false,lrm
application/vnd.ms-office.activex+xml,IANA,,true,
application/vnd.ms-officetheme,IANA,,false,thmx
application/vnd.ms-opentype,APACHE,,true,
application/vnd.ms-outlook,,,false,msg
application/vnd.ms-package.obfuscated-opentype,APACHE,,false,
application/vnd.ms-pki.seccat,APACHE,,false,cat
application/vnd.ms-pki.stl,APACHE,,false,stl
application/vnd.ms-playready.initiator+xml,IANA,,true,
application/vnd.ms-powerpoint,IANA,,false,ppt;pps;pot
application/vnd.ms-powerpoint.addin.macroenabled.12,IANA,,false,ppam
application/vnd.ms-powerpoint.presentation.macroenabled.12,IANA,,false,pptm
application/vnd.ms-powerpoint.slide.macroenabled.12,IANA,,false,sldm
application/vnd.ms-powerpoint.slideshow.macroenabled.12,IANA,,false,ppsm
application/vnd.ms-powerpoint.template.macroenabled.12,IANA,,false,potm
application/vnd.ms-printdevicecapabilities+xml,IANA,,true,
application/vnd.ms-printing.printticket+xml,APACHE,,true,
application/vnd.ms-printschematicket+xml,IANA,,true,
application/vnd.ms-project,IANA,,false,mpp;mpt
application/vnd.ms-tnef,IANA,,false,
application/vnd.ms-windows.devicepairing,IANA,,false,
application/vnd.ms-windows.nwprinting.oob,IANA,,false,
application/vnd.ms-windows.printerpairing,IANA,,false,
application/vnd.ms-windows.wsd.oob,IANA,,false,
application/vnd.ms-wmdrm.lic-chlg-req,IANA,,false,
application/vnd.ms-wmdrm.lic-resp,IANA,,false,
application/vnd.ms-wmdrm.meter-chlg-req,IANA,,false,
application/vnd.ms-wmdrm.meter-resp,IANA,,false,
application/vnd.ms-word.document.macroenabled.12,IANA,,false,docm
application/vnd.ms-word.template.macroenabled.12,IANA,,false,dotm
application/vnd.ms-works,IANA,,false,wps;wks;wcm;wdb
application/vnd.ms-wpl,IANA,,false,wpl
application/vnd.ms-xpsdocument,IANA,,false,xps
application/vnd.msa-disk-image,IANA,,false,
application/vnd.mseq,IANA,,false,mseq
application/vnd.msign,IANA,,false,
application/vnd.multiad.creator,IANA,,false,
application/vnd.multiad.creator.cif,IANA,,false,
application/vnd.music-niff,IANA,,false,
application/vnd.musician,IANA,,false,mus
application/vnd.muvee.style,IANA,,false,msty
application/vnd.mynfc,IANA,,false,taglet
application/vnd.nacamar.ybrid+json,IANA,,true,
application/vnd.ncd.control,IANA,,false,
application/vnd.ncd.reference,IANA,,false,
application/vnd.nearst.inv+json,IANA,,true,
application/vnd.nebumind.line,IANA,,false,
application/vnd.nervana,IANA,,false,
application/vnd.netfpx,IANA,,false,
application/vnd.neurolanguage.nlu,IANA,,false,nlu
application/vnd.nimn,IANA,,false,
application/vnd.nintendo.nitro.rom,IANA,,false,
application/vnd.nintendo.snes.rom,IANA,,false,
application/vnd.nitf,IANA,,false,ntf;nitf
application/vnd.noblenet-directory,IANA,,false,nnd
application/vnd.noblenet-sealer,IANA,,false,nns
application/vnd.noblenet-web,IANA,,false,nnw
application/vnd.nokia.catalogs,IANA,,false,
application/vnd.nokia.conml+wbxml,IANA,,false,
application/vnd.nokia.conml+xml,IANA,,true,
application/vnd.nokia.iptv.config+xml,IANA,,true,
application/vnd.nokia.isds-radio-presets,IANA,,false,
application/vnd.nokia.landmark+wbxml,IANA,,false,
application/vnd.nokia.landmark+xml,IANA,,true,
application/vnd.nokia.landmarkcollection+xml,IANA,,true,
application/vnd.nokia.n-gage.ac+xml,IANA,,true,ac
application/vnd.nokia.n-gage.data,IANA,,false,ngdat
application/vnd.nokia.n-gage.symbian.install,IANA,,false,n-gage
application/vnd.nokia.ncd,IANA,,false,
application/vnd.nokia.pcd+wbxml,IANA,,false,
application/vnd.nokia.pcd+xml,IANA,,true,
application/vnd.nokia.radio-preset,IANA,,false,rpst
application/vnd.nokia.radio-presets,IANA,,false,rpss
application/vnd.novadigm.edm,IANA,,false,edm
application/vnd.novadigm.edx,IANA,,false,edx
application/vnd.novadigm.ext,IANA,,false,ext
application/vnd.ntt-local.content-share,IANA,,false,
application/vnd.ntt-local.file-transfer,IANA,,false,
application/vnd.ntt-local.ogw_remote-access,IANA,,false,
application/vnd.ntt-local.sip-ta_remote,IANA,,false,
application/vnd.ntt-local.sip-ta_tcp_stream,IANA,,false,
application/vnd.oasis.opendocument.chart,IANA,,false,odc
application/vnd.oasis.opendocument.chart-template,IANA,,false,otc
application/vnd.oasis.opendocument.database,IANA,,false,odb
application/vnd.oasis.opendocument.formula,IANA,,false,odf
application/vnd.oasis.opendocument.formula-template,IANA,,false,odft
application/vnd.oasis.opendocument.graphics,IANA,,false,odg
application/vnd.oasis.opendocument.graphics-template,IANA,,false,otg
application/vnd.oasis.opendocument.image,IANA,,false,odi
application/vnd.oasis.opendocument.image-template,IANA,,false,oti
application/vnd.oasis.opendocument.presentation,IANA,,false,odp
application/vnd.oasis.opendocument.presentation-template,IANA,,false,otp
application/vnd.oasis.opendocument.spreadsheet,IANA,,false,ods
application/vnd.oasis.opendocument.spreadsheet-template,IANA,,false,ots
application/vnd.oasis.opendocument.text,IANA,,false,odt
application/vnd.oasis.opendocument.text-master,IANA,,false,odm
application/vnd.oasis.opendocument.text-template,IANA,,false,ott
application/vnd.oasis.opendocument.text-web,IANA,,false,oth
application/vnd.obn,IANA,,false,
application/vnd.ocf+cbor,IANA,,false,
application/vnd.oci.image.manifest.v1+json,IANA,,true,
application/vnd.oftn.l10n+json,IANA,,true,
application/vnd.oipf.contentaccessdownload+xml,IANA,,true,
application/vnd.oipf.contentaccessstreaming+xml,IANA,,true,
application/vnd.oipf.cspg-hexbinary,IANA,,false,
application/vnd.oipf.dae.svg+xml,IANA,,true,
application/vnd.oipf.dae.xhtml+xml,IANA,,true,
application/vnd.oipf.mippvcontrolmessage+xml,IANA,,true,
application/vnd.oipf.pae.gem,IANA,,false,
application/vnd.oipf.spdiscovery+xml,IANA,,true,
application/vnd.oipf.spdlist+xml,IANA,,true,
application/vnd.oipf.ueprofile+xml,IANA,,true,
application/vnd.oipf.userprofile+xml,IANA,,true,
application/vnd.olpc-sugar,IANA,,false,xo
application/vnd.oma-scws-config,IANA,,false,
application/vnd.oma-scws-http-request,IANA,,false,
application/vnd.oma-scws-http-response,IANA,,false,
application/vnd.oma.bcast.associated-procedure-parameter+xml,IANA,,true,
application/vnd.oma.bcast.drm-trigger+xml,IANA,,true,
application/vnd.oma.bcast.imd+xml,IANA,,true,
application/vnd.oma.bcast.ltkm,IANA,,false,
application/vnd.oma.bcast.notification+xml,IANA,,true,
application/vnd.oma.bcast.provisioningtrigger,IANA,,false,
application/vnd.oma.bcast.sgboot,IANA,,false,
application/vnd.oma.bcast.sgdd+xml,IANA,,true,
application/vnd.oma.bcast.sgdu,IANA,,false,
application/vnd.oma.bcast.simple-symbol-container,IANA,,false,
application/vnd.oma.bcast.smartcard-trigger+xml,IANA,,true,
application/vnd.oma.bcast.sprov+xml,IANA,,true,
application/vnd.oma.bcast.stkm,IANA,,false,
application/vnd.oma.cab-address-book+xml,IANA,,true,
application/vnd.oma.cab-feature-handler+xml,IANA,,true,
application/vnd.oma.cab-pcc+xml,IANA,,true,
application/vnd.oma.cab-subs-invite+xml,IANA,,true,
application/vnd.oma.cab-user-prefs+xml,IANA,,true,
application/vnd.oma.dcd,IANA,,false,
application/vnd.oma.dcdc,IANA,,false,
application/vnd.oma.dd2+xml,IANA,,true,dd2
application/vnd.oma.drm.risd+xml,IANA,,true,
application/vnd.oma.group-usage-list+xml,IANA,,true,
application/vnd.oma.lwm2m+cbor,IANA,,false,
application/vnd.oma.lwm2m+json,IANA,,true,
application/vnd.oma.lwm2m+tlv,IANA,,false,
application/vnd.oma.pal+xml,IANA,,true,
application/vnd.oma.poc.detailed-progress-report+xml,IANA,,true,
application/vnd.oma.poc.final-report+xml,IANA,,true,
application/vnd.oma.poc.groups+xml,IANA,,true,
application/vnd.oma.poc.invocation-descriptor+xml,IANA,,true,
application/vnd.oma.poc.optimized-progress-report+xml,IANA,,true,
application/vnd.oma.push,IANA,,false,
application/vnd.oma.scidm.messages+xml,IANA,,true,
application/vnd.oma.xcap-directory+xml,IANA,,true,
application/vnd.omads-email+xml,IANA,UTF-8,true,
application/vnd.omads-file+xml,IANA,UTF-8,true,
application/vnd.omads-folder+xml,IANA,UTF-8,true,
application/vnd.omaloc-supl-init,IANA,,false,
application/vnd.onepager,IANA,,false,
application/vnd.onepagertamp,IANA,,false,
application/vnd.onepagertamx,IANA,,false,
application/vnd.onepagertat,IANA,,false,
application/vnd.onepagertatp,IANA,,false,
application/vnd.onepagertatx,IANA,,false,
application/vnd.openblox.game+xml,IANA,,true,obgx
application/vnd.openblox.game-binary,IANA,,false,
application/vnd.openeye.oeb,IANA,,false,
application/vnd.openofficeorg.extension,APACHE,,false,oxt
application/vnd.openstreetmap.data+xml,IANA,,true,osm
application/vnd.opentimestamps.ots,IANA,,false,
application/vnd.openxmlformats-officedocument.custom-properties+xml,IANA,,true,
application/vnd.openxmlformats-officedocument.customxmlproperties+xml,IANA,,true,
application/vnd.openxmlformats-officedocument.drawing+xml,IANA,,true,
application/vnd.openxmlformats-officedocument.drawingml.chart+xml,IANA,,true,
application/vnd.openxmlformats-officedocument.drawingml.chartshapes+xml,IANA,,true,
application/vnd.openxmlformats-officedocument.drawingml.diagramcolors+xml,IANA,,true,
application/vnd.openxmlformats-officedocument.drawingml.diagramdata+xml,IANA,,true,
application/vnd.openxmlformats-officedocument.drawingml.diagramlayout+xml,IANA,,true,
application/vnd.openxmlformats-officedocument.drawingml.diagramstyle+xml,IANA,,true,
application/vnd.openxmlformats-officedocument.extended-properties+xml,IANA,,true,
application/vnd.openxmlformats-officedocument.presentationml.commentauthors+xml,IANA,,true,
application/vnd.openxmlformats-officedocument.presentationml.comments+xml,IANA,,true,
application/vnd.openxmlformats-officedocument.presentationml.handoutmaster+xml,IANA,,true,
application/vnd.openxmlformats-officedocument.presentationml.notesmaster+xml,IANA,,true,
application/vnd.openxmlformats-officedocument.presentationml.notesslide+xml,IANA,,true,
application/vnd.openxmlformats-officedocument.presentationml.presentation,IANA,,false,pptx
application/vnd.openxmlformats-officedocument.presentationml.presentation.main+xml,IANA,,true,
application/vnd.openxmlformats-officedocument.presentationml.presprops+xml,IANA,,true,
application/vnd.openxmlformats-officedocument.presentationml.slide,IANA,,false,sldx
application/vnd.openxmlformats-officedocument.presentationml.slide+xml,IANA,,true,
application/vnd.openxmlformats-officedocument.presentationml.slidelayout+xml,IANA,,true,
application/vnd.openxmlformats-officedocument.presentationml.slidemaster+xml,IANA,,true,
application/vnd.openxmlformats-officedocument.presentationml.slideshow,IANA,,false,ppsx
application/vnd.openxmlformats-officedocument.presentationml.slideshow.main+xml,IANA,,true,
application/vnd.openxmlformats-officedocument.presentationml.slideupdateinfo+xml,IANA,,true,
application/vnd.openxmlformats-officedocument.presentationml.tablestyles+xml,IANA,,true,
application/vnd.openxmlformats-officedocument.presentationml.tags+xml,IANA,,true,
application/vnd.openxmlformats-officedocument.presentationml.template,IANA,,false,potx
application/vnd.openxmlformats-officedocument.presentationml.template.main+xml,IANA,,true,
application/vnd.openxmlformats-officedocument.presentationml.viewprops+xml,IANA,,true,
application/vnd.openxmlformats-officedocument.spreadsheetml.calcchain+xml,IANA,,true,
application/vnd.openxmlformats-officedocument.spreadsheetml.chartsheet+xml,IANA,,true,
application/vnd.openxmlformats-officedocument.spreadsheetml.comments+xml,IANA,,true,
application/vnd.openxmlformats-officedocument.spreadsheetml.connections+xml,IANA,,true,
application/vnd.openxmlformats-officedocument.spreadsheetml.dialogsheet+xml,IANA,,true,
application/vnd.openxmlformats-officedocument.spreadsheetml.externallink+xml,IANA,,true,
application/vnd.openxmlformats-officedocument.spreadsheetml.pivotcachedefinition+xml,IANA,,true,
application/vnd.openxmlformats-officedocument.spreadsheetml.pivotcacherecords+xml,IANA,,true,
application/vnd.openxmlformats-officedocument.spreadsheetml.pivottable+xml,IANA,,true,
application/vnd.openxmlformats-officedocument.spreadsheetml.querytable+xml,IANA,,true,
application/vnd.openxmlformats-officedocument.spreadsheetml.revisionheaders+xml,IANA,,true,
application/vnd.openxmlformats-officedocument.spreadsheetml.revisionlog+xml,IANA,,true,
application/vnd.openxmlformats-officedocument.spreadsheetml.sharedstrings+xml,IANA,,true,
application/vnd.openxmlformats-officedocument.spreadsheetml.sheet,IANA,,false,xlsx
application/vnd.openxmlformats-officedocument.spreadsheetml.sheet.main+xml,IANA,,true,
application/vnd.openxmlformats-officedocument.spreadsheetml.sheetmetadata+xml,IANA,,true,
application/vnd.openxmlformats-officedocument.spreadsheetml.styles+xml,IANA,,true,
application/vnd.openxmlformats-officedocument.spreadsheetml.table+xml,IANA,,true,
application/vnd.openxmlformats-officedocument.spreadsheetml.tablesinglecells+xml,IANA,,true,
application/vnd.openxmlformats-officedocument.spreadsheetml.template,IANA,,false,xltx
application/vnd.openxmlformats-officedocument.spreadsheetml.template.main+xml,IANA,,true,
application/vnd.openxmlformats-officedocument.spreadsheetml.usernames+xml,IANA,,true,
application/vnd.openxmlformats-officedocument.spreadsheetml.volatiledependencies+xml,IANA,,true,
application/vnd.openxmlformats-officedocument.spreadsheetml.worksheet+xml,IANA,,true,
application/vnd.openxmlformats-officedocument.theme+xml,IANA,,true,
application/vnd.openxmlformats-officedocument.themeoverride+xml,IANA,,true,
application/vnd.openxmlformats-officedocument.vmldrawing,IANA,,false,
application/vnd.openxmlformats-officedocument.wordprocessingml.comments+xml,IANA,,true,
application/vnd.openxmlformats-officedocument.wordprocessingml.document,IANA,,false,docx
application/vnd.openxmlformats-officedocument.wordprocessingml.document.glossary+xml,IANA,,true,
application/vnd.openxmlformats-officedocument.wordprocessingml.document.main+xml,IANA,,true,
application/vnd.openxmlformats-officedocument.wordprocessingml.endnotes+xml,IANA,,true,
application/vnd.openxmlformats-officedocument.wordprocessingml.fonttable+xml,IANA,,true,
application/vnd.openxmlformats-officedocument.wordprocessingml.footer+xml,IANA,,true,
application/vnd.openxmlformats-officedocument.wordprocessingml.footnotes+xml,IANA,,true,
application/vnd.openxmlformats-officedocument.wordprocessingml.numbering+xml,IANA,,true,
application/vnd.openxmlformats-officedocument.wordprocessingml.settings+xml,IANA,,true,
application/vnd.openxmlformats-officedocument.wordprocessingml.styles+xml,IANA,,true,
application/vnd.openxmlformats-officedocument.wordprocessingml.template,IANA,,false,dotx
application/vnd.openxmlformats-officedocument.wordprocessingml.template.main+xml,IANA,,true,
application/vnd.openxmlformats-officedocument.wordprocessingml.websettings+xml,IANA,,true,
application/vnd.openxmlformats-package.core-properties+xml,IANA,,true,
application/vnd.openxmlformats-package.digital-signature-xmlsignature+xml,IANA,,true,
application/vnd.openxmlformats-package.relationships+xml,IANA,,true,
application/vnd.oracle.resource+json,IANA,,true,
application/vnd.orange.indata,IANA,,false,
application/vnd.osa.netdeploy,IANA,,false,
application/vnd.osgeo.mapguide.package,IANA,,false,mgp
application/vnd.osgi.bundle,IANA,,false,
application/vnd.osgi.dp,IANA,,false,dp
application/vnd.osgi.subsystem,IANA,,false,esa
application/vnd.otps.ct-kip+xml,IANA,,true,
application/vnd.oxli.countgraph,IANA,,false,
application/vnd.pagerduty+json,IANA,,true,
application/vnd.palm,IANA,,false,pdb;pqa;oprc
application/vnd.panoply,IANA,,false,
application/vnd.paos.xml,IANA,,false,
application/vnd.patentdive,IANA,,false,
application/vnd.patientecommsdoc,IANA,,false,
application/vnd.pawaafile,IANA,,false,paw
application/vnd.pcos,IANA,,false,
application/vnd.pg.format,IANA,,false,str
application/vnd.pg.osasli,IANA,,false,ei6
application/vnd.piaccess.application-licence,IANA,,false,
application/vnd.picsel,IANA,,false,efif
application/vnd.pmi.widget,IANA,,false,wg
application/vnd.poc.group-advertisement+xml,IANA,,true,
application/vnd.pocketlearn,IANA,,false,plf
application/vnd.powerbuilder6,IANA,,false,pbd
application/vnd.powerbuilder6-s,IANA,,false,
application/vnd.powerbuilder7,IANA,,false,
application/vnd.powerbuilder7-s,IANA,,false,
application/vnd.powerbuilder75,IANA,,false,
application/vnd.powerbuilder75-s,IANA,,false,
application/vnd.preminet,IANA,,false,
application/vnd.previewsystems.box,IANA,,false,box
application/vnd.proteus.magazine,IANA,,false,mgz
application/vnd.psfs,IANA,,false,
application/vnd.publishare-delta-tree,IANA,,false,qps
application/vnd.pvi.ptid1,IANA,,false,ptid
application/vnd.pwg-multiplexed,IANA,,false,
application/vnd.pwg-xhtml-print+xml,IANA,,true,
application/vnd.qualcomm.brew-app-res,IANA,,false,
application/vnd.quarantainenet,IANA,,false,
application/vnd.quark.quarkxpress,IANA,,false,qxd;qxt;qwd;qwt;qxl;qxb
application/vnd.quobject-quoxdocument,IANA,,false,
application/vnd.radisys.moml+xml,IANA,,true,
application/vnd.radisys.msml+xml,IANA,,true,
application/vnd.radisys.msml-audit+xml,IANA,,true,
application/vnd.radisys.msml-audit-conf+xml,IANA,,true,
application/vnd.radisys.msml-audit-conn+xml,IANA,,true,
application/vnd.radisys.msml-audit-dialog+xml,IANA,,true,
application/vnd.radisys.msml-audit-stream+xml,IANA,,true,
application/vnd.radisys.msml-conf+xml,IANA,,true,
application/vnd.radisys.msml-dialog+xml,IANA,,true,
application/vnd.radisys.msml-dialog-base+xml,IANA,,true,
application/vnd.radisys.msml-dialog-fax-detect+xml,IANA,,true,
application/vnd.radisys.msml-dialog-fax-sendrecv+xml,IANA,,true,
application/vnd.radisys.msml-dialog-group+xml,IANA,,true,
application/vnd.radisys.msml-dialog-speech+xml,IANA,,true,
application/vnd.radisys.msml-dialog-transform+xml,IANA,,true,
application/vnd.rainstor.data,IANA,,false,
application/vnd.rapid,IANA,,false,
application/vnd.rar,IANA,,false,rar
application/vnd.realvnc.bed,IANA,,false,bed
application/vnd.recordare.musicxml,IANA,,false,mxl
application/vnd.recordare.musicxml+xml,IANA,,true,musicxml
application/vnd.renlearn.rlprint,IANA,,false,
application/vnd.resilient.logic,IANA,,false,
application/vnd.restful+json,IANA,,true,
application/vnd.rig.cryptonote,IANA,,false,cryptonote
application/vnd.rim.cod,APACHE,,false,cod
application/vnd.rn-realmedia,APACHE,,false,rm
application/vnd.rn-realmedia-vbr,APACHE,,false,rmvb
application/vnd.route66.link66+xml,IANA,,true,link66
application/vnd.rs-274x,IANA,,false,
application/vnd.ruckus.download,IANA,,false,
application/vnd.s3sms,IANA,,false,
application/vnd.sailingtracker.track,IANA,,false,st
application/vnd.sar,IANA,,false,
application/vnd.sbm.cid,IANA,,false,
application/vnd.sbm.mid2,IANA,,false,
application/vnd.scribus,IANA,,false,
application/vnd.sealed.3df,IANA,,false,
application/vnd.sealed.csf,IANA,,false,
application/vnd.sealed.doc,IANA,,false,
application/vnd.sealed.eml,IANA,,false,
application/vnd.sealed.mht,IANA,,false,
application/vnd.sealed.net,IANA,,false,
application/vnd.sealed.ppt,IANA,,false,
application/vnd.sealed.tiff,IANA,,false,
application/vnd.sealed.xls,IANA,,false,
application/vnd.sealedmedia.softseal.html,IANA,,false,
application/vnd.sealedmedia.softseal.pdf,IANA,,false,
application/vnd.seemail,IANA,,false,see
application/vnd.seis+json,IANA,,true,
application/vnd.sema,IANA,,false,sema
application/vnd.semd,IANA,,false,semd
application/vnd.semf,IANA,,false,semf
application/vnd.shade-save-file,IANA,,false,
application/vnd.shana.informed.formdata,IANA,,false,ifm
application/vnd.shana.informed.formtemplate,IANA,,false,itp
application/vnd.shana.informed.interchange,IANA,,false,iif
application/vnd.shana.informed.package,IANA,,false,ipk
application/vnd.shootproof+json,IANA,,true,
application/vnd.shopkick+json,IANA,,true,
application/vnd.shp,IANA,,false,
application/vnd.shx,IANA,,false,
application/vnd.sigrok.session,IANA,,false,
application/vnd.simtech-mindmapper,IANA,,false,twd;twds
application/vnd.siren+json,IANA,,true,
application/vnd.smaf,IANA,,false,mmf
application/vnd.smart.notebook,IANA,,false,
application/vnd.smart.teacher,IANA,,false,teacher
application/vnd.snesdev-page-table,IANA,,false,
application/vnd.software602.filler.form+xml,IANA,,true,fo
application/vnd.software602.filler.form-xml-zip,IANA,,false,
application/vnd.solent.sdkm+xml,IANA,,true,sdkm;sdkd
application/vnd.spotfire.dxp,IANA,,false,dxp
application/vnd.spotfire.sfs,IANA,,false,sfs
application/vnd.sqlite3,IANA,,false,
application/vnd.sss-cod,IANA,,false,
application/vnd.sss-dtf,IANA,,false,
application/vnd.sss-ntf,IANA,,false,
application/vnd.stardivision.calc,APACHE,,false,sdc
application/vnd.stardivision.draw,APACHE,,false,sda
application/vnd.stardivision.impress,APACHE,,false,sdd
application/vnd.stardivision.math,APACHE,,false,smf
application/vnd.stardivision.writer,APACHE,,false,sdw;vor
application/vnd.stardivision.writer-global,APACHE,,false,sgl
application/vnd.stepmania.package,IANA,,false,smzip
application/vnd.stepmania.stepchart,IANA,,false,sm
application/vnd.street-stream,IANA,,false,
application/vnd.sun.wadl+xml,IANA,,true,wadl
application/vnd.sun.xml.calc,APACHE,,false,sxc
application/vnd.sun.xml.calc.template,APACHE,,false,stc
application/vnd.sun.xml.draw,APACHE,,false,sxd
application/vnd.sun.xml.draw.template,APACHE,,false,std
application/vnd.sun.xml.impress,APACHE,,false,sxi
application/vnd.sun.xml.impress.template,APACHE,,false,sti
application/vnd.sun.xml.math,APACHE,,false,sxm
application/vnd.sun.xml.writer,APACHE,,false,sxw
application/vnd.sun.xml.writer.global,APACHE,,false,sxg
application/vnd.sun.xml.writer.template,APACHE,,false,stw
application/vnd.sus-calendar,IANA,,false,sus;susp
application/vnd.svd,IANA,,false,svd
application/vnd.swiftview-ics,IANA,,false,
application/vnd.sycle+xml,IANA,,true,
application/vnd.syft+json,IANA,,true,
application/vnd.symbian.install,APACHE,,false,sis;sisx
application/vnd.syncml+xml,IANA,UTF-8,true,xsm
application/vnd.syncml.dm+wbxml,IANA,UTF-8,false,bdm
application/vnd.syncml.dm+xml,IANA,UTF-8,true,xdm
application/vnd.syncml.dm.notification,IANA,,false,
application/vnd.syncml.dmddf+wbxml,IANA,,false,
application/vnd.syncml.dmddf+xml,IANA,UTF-8,true,ddf
application/vnd.syncml.dmtnds+wbxml,IANA,,false,
application/vnd.syncml.dmtnds+xml,IANA,UTF-8,true,
application/vnd.syncml.ds.notification,IANA,,false,
application/vnd.tableschema+json,IANA,,true,
application/vnd.tao.intent-module-archive,IANA,,false,tao
application/vnd.tcpdump.pcap,IANA,,false,pcap;cap;dmp
application/vnd.think-cell.ppttc+json,IANA,,true,
application/vnd.tmd.mediaflex.api+xml,IANA,,true,
application/vnd.tml,IANA,,false,
application/vnd.tmobile-livetv,IANA,,false,tmo
application/vnd.tri.onesource,IANA,,false,
application/vnd.trid.tpt,IANA,,false,tpt
application/vnd.triscape.mxs,IANA,,false,mxs
application/vnd.trueapp,IANA,,false,tra
application/vnd.truedoc,IANA,,false,
application/vnd.ubisoft.webplayer,IANA,,false,
application/vnd.ufdl,IANA,,false,ufd;ufdl
application/vnd.uiq.theme,IANA,,false,utz
application/vnd.umajin,IANA,,false,umj
application/vnd.unity,IANA,,false,unityweb
application/vnd.uoml+xml,IANA,,true,uoml
application/vnd.uplanet.alert,IANA,,false,
application/vnd.uplanet.alert-wbxml,IANA,,false,
application/vnd.uplanet.bearer-choice,IANA,,false,
application/vnd.uplanet.bearer-choice-wbxml,IANA,,false,
application/vnd.uplanet.cacheop,IANA,,false,
application/vnd.uplanet.cacheop-wbxml,IANA,,false,
application/vnd.uplanet.channel,IANA,,false,
application/vnd.uplanet.channel-wbxml,IANA,,false,
application/vnd.uplanet.list,IANA,,false,
application/vnd.uplanet.list-wbxml,IANA,,false,
application/vnd.uplanet.listcmd,IANA,,false,
application/vnd.uplanet.listcmd-wbxml,IANA,,false,
application/vnd.uplanet.signal,IANA,,false,
application/vnd.uri-map,IANA,,false,
application/vnd.valve.source.material,IANA,,false,
application/vnd.vcx,IANA,,false,vcx
application/vnd.vd-study,IANA,,false,
application/vnd.vectorworks,IANA,,false,
application/vnd.vel+json,IANA,,true,
application/vnd.verimatrix.vcas,IANA,,false,
application/vnd.veritone.aion+json,IANA,,true,
application/vnd.veryant.thin,IANA,,false,
application/vnd.ves.encrypted,IANA,,false,
application/vnd.vidsoft.vidconference,IANA,,false,
application/vnd.visio,IANA,,false,vsd;vst;vss;vsw
application/vnd.visionary,IANA,,false,vis
application/vnd.vividence.scriptfile,IANA,,false,
application/vnd.vsf,IANA,,false,vsf
application/vnd.wap.sic,IANA,,false,
application/vnd.wap.slc,IANA,,false,
application/vnd.wap.wbxml,IANA,UTF-8,false,wbxml
application/vnd.wap.wmlc,IANA,,false,wmlc
application/vnd.wap.wmlscriptc,IANA,,false,wmlsc
application/vnd.webturbo,IANA,,false,wtb
application/vnd.wfa.dpp,IANA,,false,
application/vnd.wfa.p2p,IANA,,false,
application/vnd.wfa.wsc,IANA,,false,
application/vnd.windows.devicepairing,IANA,,false,
application/vnd.wmc,IANA,,false,
application/vnd.wmf.bootstrap,IANA,,false,
application/vnd.wolfram.mathematica,IANA,,false,
application/vnd.wolfram.mathematica.package,IANA,,false,
application/vnd.wolfram.player,IANA,,false,nbp
application/vnd.wordperfect,IANA,,false,wpd
application/vnd.wqd,IANA,,false,wqd
application/vnd.wrq-hp3000-labelled,IANA,,false,
application/vnd.wt.stf,IANA,,false,stf
application/vnd.wv.csp+wbxml,IANA,,false,
application/vnd.wv.csp+xml,IANA,,true,
application/vnd.wv.ssp+xml,IANA,,true,
application/vnd.xacml+json,IANA,,true,
application/vnd.xara,IANA,,false,xar
application/vnd.xfdl,IANA,,false,xfdl
application/vnd.xfdl.webform,IANA,,false,
application/vnd.xmi+xml,IANA,,true,
application/vnd.xmpie.cpkg,IANA,,false,
application/vnd.xmpie.dpkg,IANA,,false,
application/vnd.xmpie.plan,IANA,,false,
application/vnd.xmpie.ppkg,IANA,,false,
application/vnd.xmpie.xlim,IANA,,false,
application/vnd.yamaha.hv-dic,IANA,,false,hvd
application/vnd.yamaha.hv-script,IANA,,false,hvs
application/vnd.yamaha.hv-voice,IANA,,false,hvp
application/vnd.yamaha.openscoreformat,IANA,,false,osf
application/vnd.yamaha.openscoreformat.osfpvg+xml,IANA,,true,osfpvg
application/vnd.yamaha.remote-setup,IANA,,false,
application/vnd.yamaha.smaf-audio,IANA,,false,saf
application/vnd.yamaha.smaf-phrase,IANA,,false,spf
application/vnd.yamaha.through-ngn,IANA,,false,
application/vnd.yamaha.tunnel-udpencap,IANA,,false,
application/vnd.yaoweme,IANA,,false,
application/vnd.yellowriver-custom-menu,IANA,,false,cmp
application/vnd.youtube.yt,IANA,,false,
application/vnd.zul,IANA,,false,zir;zirz
application/vnd.zzazz.deck+xml,IANA,,true,zaz
application/voicexml+xml,IANA,,true,vxml
application/voucher-cms+json,IANA,,true,
application/vq-rtcpxr,IANA,,false,
application/wasm,IANA,,true,wasm
application/watcherinfo+xml,IANA,,true,wif
application/webpush-options+json,IANA,,true,
application/whoispp-query,IANA,,false,
application/whoispp-response,IANA,,false,
application/widget,IANA,,false,wgt
application/winhlp,APACHE,,false,hlp
application/wita,IANA,,false,
application/wordperfect5.1,IANA,,false,
application/wsdl+xml,IANA,,true,wsdl
application/wspolicy+xml,IANA,,true,wspolicy
application/x-7z-compressed,APACHE,,false,7z
application/x-abiword,APACHE,,false,abw
application/x-ace-compressed,APACHE,,false,ace
application/x-amf,APACHE,,false,
application/x-apple-diskimage,APACHE,,false,dmg
application/x-arj,,,false,arj
application/x-authorware-bin,APACHE,,false,aab;x32;u32;vox
application/x-authorware-map,APACHE,,false,aam
application/x-authorware-seg,APACHE,,false,aas
application/x-bcpio,APACHE,,false,bcpio
application/x-bdoc,,,false,bdoc
application/x-bittorrent,APACHE,,false,torrent
application/x-blorb,APACHE,,false,blb;blorb
application/x-bzip,APACHE,,false,bz
application/x-bzip2,APACHE,,false,bz2;boz
application/x-cbr,APACHE,,false,cbr;cba;cbt;cbz;cb7
application/x-cdlink,APACHE,,false,vcd
application/x-cfs-compressed,APACHE,,false,cfs
application/x-chat,APACHE,,false,chat
application/x-chess-pgn,APACHE,,false,pgn
application/x-chrome-extension,,,false,crx
application/x-cocoa,NGINX,,false,cco
application/x-compress,APACHE,,false,
application/x-conference,APACHE,,false,nsc
application/x-cpio,APACHE,,false,cpio
application/x-csh,APACHE,,false,csh
application/x-deb,,,false,
application/x-debian-package,APACHE,,false,deb;udeb
application/x-dgc-compressed,APACHE,,false,dgc
application/x-director,APACHE,,false,dir;dcr;dxr;cst;cct;cxt;w3d;fgd;swa
application/x-doom,APACHE,,false,wad
application/x-dtbncx+xml,APACHE,,true,ncx
application/x-dtbook+xml,APACHE,,true,dtb
application/x-dtbresource+xml,APACHE,,true,res
application/x-dvi,APACHE,,false,dvi
application/x-envoy,APACHE,,false,evy
application/x-eva,APACHE,,false,eva
application/x-font-bdf,APACHE,,false,bdf
application/x-font-dos,APACHE,,false,
application/x-font-framemaker,APACHE,,false,
application/x-font-ghostscript,APACHE,,false,gsf
application/x-font-libgrx,APACHE,,false,
application/x-font-linux-psf,APACHE,,false,psf
application/x-font-pcf,APACHE,,false,pcf
application/x-font-snf,APACHE,,false,snf
application/x-font-speedo,APACHE,,false,
application/x-font-sunos-news,APACHE,,false,
application/x-font-type1,APACHE,,false,pfa;pfb;pfm;afm
application/x-font-vfont,APACHE,,false,
application/x-freearc,APACHE,,false,arc
application/x-futuresplash,APACHE,,false,spl
application/x-gca-compressed,APACHE,,false,gca
application/x-glulx,APACHE,,false,ulx
application/x-gnumeric,APACHE,,false,gnumeric
application/x-gramps-xml,APACHE,,false,gramps
application/x-gtar,APACHE,,false,gtar
application/x-gzip,APACHE,,false,
application/x-hdf,APACHE,,false,hdf
application/x-httpd-php,,,true,php
application/x-install-instructions,APACHE,,false,install
application/x-iso9660-image,APACHE,,false,iso
application/x-iwork-keynote-sffkey,,,false,key
application/x-iwork-numbers-sffnumbers,,,false,numbers
application/x-iwork-pages-sffpages,,,false,pages
application/x-java-archive-diff,NGINX,,false,jardiff
application/x-java-jnlp-file,APACHE,,false,jnlp
application/x-javascript,,,true,
application/x-keepass2,,,false,kdbx
application/x-latex,APACHE,,false,latex
application/x-lua-bytecode,,,false,luac
application/x-lzh-compressed,APACHE,,false,lzh;lha
application/x-makeself,NGINX,,false,run
application/x-mie,APACHE,,false,mie
application/x-mobipocket-ebook,APACHE,,false,prc;mobi
application/x-mpegurl,,,false,
application/x-ms-application,APACHE,,false,application
application/x-ms-shortcut,APACHE,,false,lnk
application/x-ms-wmd,APACHE,,false,wmd
application/x-ms-wmz,APACHE,,false,wmz
application/x-ms-xbap,APACHE,,false,xbap
application/x-msaccess,APACHE,,false,mdb
application/x-msbinder,APACHE,,false,obd
application/x-mscardfile,APACHE,,false,crd
application/x-msclip,APACHE,,false,clp
application/x-msdos-program,,,false,exe
application/x-msdownload,APACHE,,false,exe;dll;com;bat;msi
application/x-msmediaview,APACHE,,false,mvb;m13;m14
application/x-msmetafile,APACHE,,false,wmf;wmz;emf;emz
application/x-msmoney,APACHE,,false,mny
application/x-mspublisher,APACHE,,false,pub
application/x-msschedule,APACHE,,false,scd
application/x-msterminal,APACHE,,false,trm
application/x-mswrite,APACHE,,false,wri
application/x-netcdf,APACHE,,false,nc;cdf
application/x-ns-proxy-autoconfig,,,true,pac
application/x-nzb,APACHE,,false,nzb
application/x-perl,NGINX,,false,pl;pm
application/x-pilot,NGINX,,false,prc;pdb
application/x-pkcs12,APACHE,,false,p12;pfx
application/x-pkcs7-certificates,APACHE,,false,p7b;spc
application/x-pkcs7-certreqresp,APACHE,,false,p7r
application/x-pki-message,IANA,,false,
application/x-rar-compressed,APACHE,,false,rar
application/x-redhat-package-manager,NGINX,,false,rpm
application/x-research-info-systems,APACHE,,false,ris
application/x-sea,NGINX,,false,sea
application/x-sh,APACHE,,true,sh
application/x-shar,APACHE,,false,shar
application/x-shockwave-flash,APACHE,,false,swf
application/x-silverlight-app,APACHE,,false,xap
application/x-sql,APACHE,,false,sql
application/x-stuffit,APACHE,,false,sit
application/x-stuffitx,APACHE,,false,sitx
application/x-subrip,APACHE,,false,srt
application/x-sv4cpio,APACHE,,false,sv4cpio
application/x-sv4crc,APACHE,,false,sv4crc
application/x-t3vm-image,APACHE,,false,t3
application/x-tads,APACHE,,false,gam
application/x-tar,APACHE,,true,tar
application/x-tcl,APACHE,,false,tcl;tk
application/x-tex,APACHE,,false,tex
application/x-tex-tfm,APACHE,,false,tfm
application/x-texinfo,APACHE,,false,texinfo;texi
application/x-tgif,APACHE,,false,obj
application/x-ustar,APACHE,,false,ustar
application/x-virtualbox-hdd,,,true,hdd
application/x-virtualbox-ova,,,true,ova
application/x-virtualbox-ovf,,,true,ovf
application/x-virtualbox-vbox,,,true,vbox
application/x-virtualbox-vbox-extpack,,,false,vbox-extpack
application/x-virtualbox-vdi,,,true,vdi
application/x-virtualbox-vhd,,,true,vhd
application/x-virtualbox-vmdk,,,true,vmdk
application/x-wais-source,APACHE,,false,src
application/x-web-app-manifest+json,,,true,webapp
application/x-www-form-urlencoded,IANA,,true,
application/x-x509-ca-cert,IANA,,false,der;crt;pem
application/x-x509-ca-ra-cert,IANA,,false,
application/x-x509-next-ca-cert,IANA,,false,
application/x-xfig,APACHE,,false,fig
application/x-xliff+xml,APACHE,,true,xlf
application/x-xpinstall,APACHE,,false,xpi
application/x-xz,APACHE,,false,xz
application/x-zmachine,APACHE,,false,z1;z2;z3;z4;z5;z6;z7;z8
application/x400-bp,IANA,,false,
application/xacml+xml,IANA,,true,
application/xaml+xml,APACHE,,true,xaml
application/xcap-att+xml,IANA,,true,xav
application/xcap-caps+xml,IANA,,true,xca
application/xcap-diff+xml,IANA,,true,xdf
application/xcap-el+xml,IANA,,true,xel
application/xcap-error+xml,IANA,,true,
application/xcap-ns+xml,IANA,,true,xns
application/xcon-conference-info+xml,IANA,,true,
application/xcon-conference-info-diff+xml,IANA,,true,
application/xenc+xml,IANA,,true,xenc
application/xhtml+xml,IANA,,true,xhtml;xht
application/xhtml-voice+xml,APACHE,,true,
application/xliff+xml,IANA,,true,xlf
application/xml,IANA,,true,xml;xsl;xsd;rng
application/xml-dtd,IANA,,true,dtd
application/xml-external-parsed-entity,IANA,,false,
application/xml-patch+xml,IANA,,true,
application/xmpp+xml,IANA,,true,
application/xop+xml,IANA,,true,xop
application/xproc+xml,APACHE,,true,xpl
application/xslt+xml,IANA,,true,xsl;xslt
application/xspf+xml,APACHE,,true,xspf
application/xv+xml,IANA,,true,mxml;xhvml;xvml;xvm
application/yang,IANA,,false,yang
application/yang-data+json,IANA,,true,
application/yang-data+xml,IANA,,true,
application/yang-patch+json,IANA,,true,
application/yang-patch+xml,IANA,,true,
application/yin+xml,IANA,,true,yin
application/zip,IANA,,false,zip
application/zlib,IANA,,false,
application/zstd,IANA,,false,
audio/1d-interleaved-parityfec,IANA,,false,
audio/32kadpcm,IANA,,false,
audio/3gpp,IANA,,false,3gpp
audio/3gpp2,IANA,,false,
audio/aac,IANA,,false,
audio/ac3,IANA,,false,
audio/adpcm,APACHE,,false,adp
audio/amr,IANA,,false,amr
audio/amr-wb,IANA,,false,
audio/amr-wb+,IANA,,false,
audio/aptx,IANA,,false,
audio/asc,IANA,,false,
audio/atrac-advanced-lossless,IANA,,false,
audio/atrac-x,IANA,,false,
audio/atrac3,IANA,,false,
audio/basic,IANA,,false,au;snd
audio/bv16,IANA,,false,
audio/bv32,IANA,,false,
audio/clearmode,IANA,,false,
audio/cn,IANA,,false,
audio/dat12,IANA,,false,
audio/dls,IANA,,false,
audio/dsr-es201108,IANA,,false,
audio/dsr-es202050,IANA,,false,
audio/dsr-es202211,IANA,,false,
audio/dsr-es202212,IANA,,false,
audio/dv,IANA,,false,
audio/dvi4,IANA,,false,
audio/eac3,IANA,,false,
audio/encaprtp,IANA,,false,
audio/evrc,IANA,,false,
audio/evrc-qcp,IANA,,false,
audio/evrc0,IANA,,false,
audio/evrc1,IANA,,false,
audio/evrcb,IANA,,false,
audio/evrcb0,IANA,,false,
audio/evrcb1,IANA,,false,
audio/evrcnw,IANA,,false,
audio/evrcnw0,IANA,,false,
audio/evrcnw1,IANA,,false,
audio/evrcwb,IANA,,false,
audio/evrcwb0,IANA,,false,
audio/evrcwb1,IANA,,false,
audio/evs,IANA,,false,
audio/flexfec,IANA,,false,
audio/fwdred,IANA,,false,
audio/g711-0,IANA,,false,
audio/g719,IANA,,false,
audio/g722,IANA,,false,
audio/g7221,IANA,,false,
audio/g723,IANA,,false,
audio/g726-16,IANA,,false,
audio/g726-24,IANA,,false,
audio/g726-32,IANA,,false,
audio/g726-40,IANA,,false,
audio/g728,IANA,,false,
audio/g729,IANA,,false,
audio/g7291,IANA,,false,
audio/g729d,IANA,,false,
audio/g729e,IANA,,false,
audio/gsm,IANA,,false,
audio/gsm-efr,IANA,,false,
audio/gsm-hr-08,IANA,,false,
audio/ilbc,IANA,,false,
audio/ip-mr_v2.5,IANA,,false,
audio/isac,APACHE,,false,
audio/l16,IANA,,false,
audio/l20,IANA,,false,
audio/l24,IANA,,false,
audio/l8,IANA,,false,
audio/lpc,IANA,,false,
audio/melp,IANA,,false,
audio/melp1200,IANA,,false,
audio/melp2400,IANA,,false,
audio/melp600,IANA,,false,
audio/mhas,IANA,,false,
audio/midi,APACHE,,false,mid;midi;kar;rmi
audio/mobile-xmf,IANA,,false,mxmf
audio/mp3,,,false,mp3
audio/mp4,IANA,,false,m4a;mp4a
audio/mp4a-latm,IANA,,false,
audio/mpa,IANA,,false,
audio/mpa-robust,IANA,,false,
audio/mpeg,IANA,,false,mpga;mp2;mp2a;mp3;m2a;m3a
audio/mpeg4-generic,IANA,,false,
audio/musepack,APACHE,,false,
audio/ogg,IANA,,false,oga;ogg;spx;opus
audio/opus,IANA,,false,
audio/parityfec,IANA,,false,
audio/pcma,IANA,,false,
audio/pcma-wb,IANA,,false,
audio/pcmu,IANA,,false,
audio/pcmu-wb,IANA,,false,
audio/prs.sid,IANA,,false,
audio/qcelp,IANA,,false,
audio/raptorfec,IANA,,false,
audio/red,IANA,,false,
audio/rtp-enc-aescm128,IANA,,false,
audio/rtp-midi,IANA,,false,
audio/rtploopback,IANA,,false,
audio/rtx,IANA,,false,
audio/s3m,APACHE,,false,s3m
audio/scip,IANA,,false,
audio/silk,APACHE,,false,sil
audio/smv,IANA,,false,
audio/smv-qcp,IANA,,false,
audio/smv0,IANA,,false,
audio/sofa,IANA,,false,
audio/sp-midi,IANA,,false,
audio/speex,IANA,,false,
audio/t140c,IANA,,false,
audio/t38,IANA,,false,
audio/telephone-event,IANA,,false,
audio/tetra_acelp,IANA,,false,
audio/tetra_acelp_bb,IANA,,false,
audio/tone,IANA,,false,
audio/tsvcis,IANA,,false,
audio/uemclip,IANA,,false,
audio/ulpfec,IANA,,false,
audio/usac,IANA,,false,
audio/vdvi,IANA,,false,
audio/vmr-wb,IANA,,false,
audio/vnd.3gpp.iufp,IANA,,false,
audio/vnd.4sb,IANA,,false,
audio/vnd.audiokoz,IANA,,false,
audio/vnd.celp,IANA,,false,
audio/vnd.cisco.nse,IANA,,false,
audio/vnd.cmles.radio-events,IANA,,false,
audio/vnd.cns.anp1,IANA,,false,
audio/vnd.cns.inf1,IANA,,false,
audio/vnd.dece.audio,IANA,,false,uva;uvva
audio/vnd.digital-winds,IANA,,false,eol
audio/vnd.dlna.adts,IANA,,false,
audio/vnd.dolby.heaac.1,IANA,,false,
audio/vnd.dolby.heaac.2,IANA,,false,
audio/vnd.dolby.mlp,IANA,,false,
audio/vnd.dolby.mps,IANA,,false,
audio/vnd.dolby.pl2,IANA,,false,
audio/vnd.dolby.pl2x,IANA,,false,
audio/vnd.dolby.pl2z,IANA,,false,
audio/vnd.dolby.pulse.1,IANA,,false,
audio/vnd.dra,IANA,,false,dra
audio/vnd.dts,IANA,,false,dts
audio/vnd.dts.hd,IANA,,false,dtshd
audio/vnd.dts.uhd,IANA,,false,
audio/vnd.dvb.file,IANA,,false,
audio/vnd.everad.plj,IANA,,false,
audio/vnd.hns.audio,IANA,,false,
audio/vnd.lucent.voice,IANA,,false,lvp
audio/vnd.ms-playready.media.pya,IANA,,false,pya
audio/vnd.nokia.mobile-xmf,IANA,,false,
audio/vnd.nortel.vbk,IANA,,false,
audio/vnd.nuera.ecelp4800,IANA,,false,ecelp4800
audio/vnd.nuera.ecelp7470,IANA,,false,ecelp7470
audio/vnd.nuera.ecelp9600,IANA,,false,ecelp9600
audio/vnd.octel.sbc,IANA,,false,
audio/vnd.presonus.multitrack,IANA,,false,
audio/vnd.qcelp,IANA,,false,
audio/vnd.rhetorex.32kadpcm,IANA,,false,
audio/vnd.rip,IANA,,false,rip
audio/vnd.rn-realaudio,,,false,
audio/vnd.sealedmedia.softseal.mpeg,IANA,,false,
audio/vnd.vmx.cvsd,IANA,,false,
audio/vnd.wave,,,false,
audio/vorbis,IANA,,false,
audio/vorbis-config,IANA,,false,
audio/wav,,,false,wav
audio/wave,,,false,wav
audio/webm,APACHE,,false,weba
audio/x-aac,APACHE,,false,aac
audio/x-aiff,APACHE,,false,aif;aiff;aifc
audio/x-caf,APACHE,,false,caf
audio/x-flac,APACHE,,false,flac
audio/x-m4a,NGINX,,false,m4a
audio/x-matroska,APACHE,,false,mka
audio/x-mpegurl,APACHE,,false,m3u
audio/x-ms-wax,APACHE,,false,wax
audio/x-ms-wma,APACHE,,false,wma
audio/x-pn-realaudio,APACHE,,false,ram;ra
audio/x-pn-realaudio-plugin,APACHE,,false,rmp
audio/x-realaudio,NGINX,,false,ra
audio/x-tta,APACHE,,false,
audio/x-wav,APACHE,,false,wav
audio/xm,APACHE,,false,xm
chemical/x-cdx,APACHE,,false,cdx
chemical/x-cif,APACHE,,false,cif
chemical/x-cmdf,APACHE,,false,cmdf
chemical/x-cml,APACHE,,false,cml
chemical/x-csml,APACHE,,false,csml
chemical/x-pdb,APACHE,,false,
chemical/x-xyz,APACHE,,false,xyz
font/collection,IANA,,false,ttc
font/otf,IANA,,true,otf
font/sfnt,IANA,,false,
font/ttf,IANA,,true,ttf
font/woff,IANA,,false,woff
font/woff2,IANA,,false,woff2
image/aces,IANA,,false,exr
image/apng,,,false,apng
image/avci,IANA,,false,avci
image/avcs,IANA,,false,avcs
image/avif,IANA,,false,avif
image/bmp,IANA,,true,bmp
image/cgm,IANA,,false,cgm
image/dicom-rle,IANA,,false,drle
image/emf,IANA,,false,emf
image/fits,IANA,,false,fits
image/g3fax,IANA,,false,g3
image/gif,IANA,,false,gif
image/heic,IANA,,false,heic
image/heic-sequence,IANA,,false,heics
image/heif,IANA,,false,heif
image/heif-sequence,IANA,,false,heifs
image/hej2k,IANA,,false,hej2
image/hsj2,IANA,,false,hsj2
image/ief,IANA,,false,ief
image/jls,IANA,,false,jls
image/jp2,IANA,,false,jp2;jpg2
image/jpeg,IANA,,false,jpeg;jpg;jpe
image/jph,IANA,,false,jph
image/jphc,IANA,,false,jhc
image/jpm,IANA,,false,jpm
image/jpx,IANA,,false,jpx;jpf
image/jxr,IANA,,false,jxr
image/jxra,IANA,,false,jxra
image/jxrs,IANA,,false,jxrs
image/jxs,IANA,,false,jxs
image/jxsc,IANA,,false,jxsc
image/jxsi,IANA,,false,jxsi
image/jxss,IANA,,false,jxss
image/ktx,IANA,,false,ktx
image/ktx2,IANA,,false,ktx2
image/naplps,IANA,,false,
image/pjpeg,,,false,
image/png,IANA,,false,png
image/prs.btif,IANA,,false,btif
image/prs.pti,IANA,,false,pti
image/pwg-raster,IANA,,false,
image/sgi,APACHE,,false,sgi
image/svg+xml,IANA,,true,svg;svgz
image/t38,IANA,,false,t38
image/tiff,IANA,,false,tif;tiff
image/tiff-fx,IANA,,false,tfx
image/vnd.adobe.photoshop,IANA,,true,psd
image/vnd.airzip.accelerator.azv,IANA,,false,azv
image/vnd.cns.inf2,IANA,,false,
image/vnd.dece.graphic,IANA,,false,uvi;uvvi;uvg;uvvg
image/vnd.djvu,IANA,,false,djvu;djv
image/vnd.dvb.subtitle,IANA,,false,sub
image/vnd.dwg,IANA,,false,dwg
image/vnd.dxf,IANA,,false,dxf
image/vnd.fastbidsheet,IANA,,false,fbs
image/vnd.fpx,IANA,,false,fpx
image/vnd.fst,IANA,,false,fst
image/vnd.fujixerox.edmics-mmr,IANA,,false,mmr
image/vnd.fujixerox.edmics-rlc,IANA,,false,rlc
image/vnd.globalgraphics.pgb,IANA,,false,
image/vnd.microsoft.icon,IANA,,true,ico
image/vnd.mix,IANA,,false,
image/vnd.mozilla.apng,IANA,,false,
image/vnd.ms-dds,,,true,dds
image/vnd.ms-modi,IANA,,false,mdi
image/vnd.ms-photo,APACHE,,false,wdp
image/vnd.net-fpx,IANA,,false,npx
image/vnd.pco.b16,IANA,,false,b16
image/vnd.radiance,IANA,,false,
image/vnd.sealed.png,IANA,,false,
image/vnd.sealedmedia.softseal.gif,IANA,,false,
image/vnd.sealedmedia.softseal.jpg,IANA,,false,
image/vnd.svf,IANA,,false,
image/vnd.tencent.tap,IANA,,false,tap
image/vnd.valve.source.texture,IANA,,false,vtf
image/vnd.wap.wbmp,IANA,,false,wbmp
image/vnd.xiff,IANA,,false,xif
image/vnd.zbrush.pcx,IANA,,false,pcx
image/webp,APACHE,,false,webp
image/wmf,IANA,,false,wmf
image/x-3ds,APACHE,,false,3ds
image/x-cmu-raster,APACHE,,false,ras
image/x-cmx,APACHE,,false,cmx
image/x-freehand,APACHE,,false,fh;fhc;fh4;fh5;fh7
image/x-icon,APACHE,,true,ico
image/x-jng,NGINX,,false,jng
image/x-mrsid-image,APACHE,,false,sid
image/x-ms-bmp,NGINX,,true,bmp
image/x-pcx,APACHE,,false,pcx
image/x-pict,APACHE,,false,pic;pct
image/x-portable-anymap,APACHE,,false,pnm
image/x-portable-bitmap,APACHE,,false,pbm
image/x-portable-graymap,APACHE,,false,pgm
image/x-portable-pixmap,APACHE,,false,ppm
image/x-rgb,APACHE,,false,rgb
image/x-tga,APACHE,,false,tga
image/x-xbitmap,APACHE,,false,xbm
image/x-xcf,,,false,
image/x-xpixmap,APACHE,,false,xpm
image/x-xwindowdump,APACHE,,false,xwd
message/cpim,IANA,,false,
message/delivery-status,IANA,,false,
message/disposition-notification,IANA,,false,disposition-notification
message/external-body,IANA,,false,
message/feedback-report,IANA,,false,
message/global,IANA,,false,u8msg
message/global-delivery-status,IANA,,false,u8dsn
message/global-disposition-notification,IANA,,false,u8mdn
message/global-headers,IANA,,false,u8hdr
message/http,IANA,,false,
message/imdn+xml,IANA,,true,
message/news,IANA,,false,
message/partial,IANA,,false,
message/rfc822,IANA,,true,eml;mime
message/s-http,IANA,,false,
message/sip,IANA,,false,
message/sipfrag,IANA,,false,
message/tracking-status,IANA,,false,
message/vnd.si.simp,IANA,,false,
message/vnd.wfa.wsc,IANA,,false,wsc
model/3mf,IANA,,false,3mf
model/e57,IANA,,false,
model/gltf+json,IANA,,true,gltf
model/gltf-binary,IANA,,true,glb
model/iges,IANA,,false,igs;iges
model/mesh,IANA,,false,msh;mesh;silo
model/mtl,IANA,,false,mtl
model/obj,IANA,,false,obj
model/step,IANA,,false,
model/step+xml,IANA,,true,stpx
model/step+zip,IANA,,false,stpz
model/step-xml+zip,IANA,,false,stpxz
model/stl,IANA,,false,stl
model/vnd.collada+xml,IANA,,true,dae
model/vnd.dwf,IANA,,false,dwf
model/vnd.flatland.3dml,IANA,,false,
model/vnd.gdl,IANA,,false,gdl
model/vnd.gs-gdl,APACHE,,false,
model/vnd.gs.gdl,IANA,,false,
model/vnd.gtw,IANA,,false,gtw
model/vnd.moml+xml,IANA,,true,
model/vnd.mts,IANA,,false,mts
model/vnd.opengex,IANA,,false,ogex
model/vnd.parasolid.transmit.binary,IANA,,false,x_b
model/vnd.parasolid.transmit.text,IANA,,false,x_t
model/vnd.pytha.pyox,IANA,,false,
model/vnd.rosette.annotated-data-model,IANA,,false,
model/vnd.sap.vds,IANA,,false,vds
model/vnd.usdz+zip,IANA,,false,usdz
model/vnd.valve.source.compiled-map,IANA,,false,bsp
model/vnd.vtu,IANA,,false,vtu
model/vrml,IANA,,false,wrl;vrml
model/x3d+binary,APACHE,,false,x3db;x3dbz
model/x3d+fastinfoset,IANA,,false,x3db
model/x3d+vrml,APACHE,,false,x3dv;x3dvz
model/x3d+xml,IANA,,true,x3d;x3dz
model/x3d-vrml,IANA,,false,x3dv
multipart/alternative,IANA,,false,
multipart/appledouble,IANA,,false,
multipart/byteranges,IANA,,false,
multipart/digest,IANA,,false,
multipart/encrypted,IANA,,false,
multipart/form-data,IANA,,false,
multipart/header-set,IANA,,false,
multipart/mixed,IANA,,false,
multipart/multilingual,IANA,,false,
multipart/parallel,IANA,,false,
multipart/related,IANA,,false,
multipart/report,IANA,,false,
multipart/signed,IANA,,false,
multipart/vnd.bint.med-plus,IANA,,false,
multipart/voice-message,IANA,,false,
multipart/x-mixed-replace,IANA,,false,
text/1d-interleaved-parityfec,IANA,,false,
text/cache-manifest,IANA,,true,appcache;manifest
text/calendar,IANA,,false,ics;ifb
text/calender,,,true,
text/cmd,,,true,
text/coffeescript,,,false,coffee;litcoffee
text/cql,IANA,,false,
text/cql-expression,IANA,,false,
text/cql-identifier,IANA,,false,
text/css,IANA,UTF-8,true,css
text/csv,IANA,,true,csv
text/csv-schema,IANA,,false,
text/directory,IANA,,false,
text/dns,IANA,,false,
text/ecmascript,IANA,,false,
text/encaprtp,IANA,,false,
text/enriched,IANA,,false,
text/fhirpath,IANA,,false,
text/flexfec,IANA,,false,
text/fwdred,IANA,,false,
text/gff3,IANA,,false,
text/grammar-ref-list,IANA,,false,
text/html,IANA,,true,html;htm;shtml
text/jade,,,false,jade
text/javascript,IANA,,true,
text/jcr-cnd,IANA,,false,
text/jsx,,,true,jsx
text/less,,,true,less
text/markdown,IANA,,true,markdown;md
text/mathml,NGINX,,false,mml
text/mdx,,,true,mdx
text/mizar,IANA,,false,
text/n3,IANA,UTF-8,true,n3
text/parameters,IANA,UTF-8,false,
text/parityfec,IANA,,false,
text/plain,IANA,,true,txt;text;conf;def;list;log;in;ini
text/provenance-notation,IANA,UTF-8,false,
text/prs.fallenstein.rst,IANA,,false,
text/prs.lines.tag,IANA,,false,dsc
text/prs.prop.logic,IANA,,false,
text/raptorfec,IANA,,false,
text/red,IANA,,false,
text/rfc822-headers,IANA,,false,
text/richtext,IANA,,true,rtx
text/rtf,IANA,,true,rtf
text/rtp-enc-aescm128,IANA,,false,
text/rtploopback,IANA,,false,
text/rtx,IANA,,false,
text/sgml,IANA,,false,sgml;sgm
text/shaclc,IANA,,false,
text/shex,IANA,,false,shex
text/slim,,,false,slim;slm
text/spdx,IANA,,false,spdx
text/strings,IANA,,false,
text/stylus,,,false,stylus;styl
text/t140,IANA,,false,
text/tab-separated-values,IANA,,true,tsv
text/troff,IANA,,false,t;tr;roff;man;me;ms
text/turtle,IANA,UTF-8,false,ttl
text/ulpfec,IANA,,false,
text/uri-list,IANA,,true,uri;uris;urls
text/vcard,IANA,,true,vcard
text/vnd.a,IANA,,false,
text/vnd.abc,IANA,,false,
text/vnd.ascii-art,IANA,,false,
text/vnd.curl,IANA,,false,curl
text/vnd.curl.dcurl,APACHE,,false,dcurl
text/vnd.curl.mcurl,APACHE,,false,mcurl
text/vnd.curl.scurl,APACHE,,false,scurl
text/vnd.debian.copyright,IANA,UTF-8,false,
text/vnd.dmclientscript,IANA,,false,
text/vnd.dvb.subtitle,IANA,,false,sub
text/vnd.esmertec.theme-descriptor,IANA,UTF-8,false,
text/vnd.familysearch.gedcom,IANA,,false,ged
text/vnd.ficlab.flt,IANA,,false,
text/vnd.fly,IANA,,false,fly
text/vnd.fmi.flexstor,IANA,,false,flx
text/vnd.gml,IANA,,false,
text/vnd.graphviz,IANA,,false,gv
text/vnd.hans,IANA,,false,
text/vnd.hgl,IANA,,false,
text/vnd.in3d.3dml,IANA,,false,3dml
text/vnd.in3d.spot,IANA,,false,spot
text/vnd.iptc.newsml,IANA,,false,
text/vnd.iptc.nitf,IANA,,false,
text/vnd.latex-z,IANA,,false,
text/vnd.motorola.reflex,IANA,,false,
text/vnd.ms-mediapackage,IANA,,false,
text/vnd.net2phone.commcenter.command,IANA,,false,
text/vnd.radisys.msml-basic-layout,IANA,,false,
text/vnd.senx.warpscript,IANA,,false,
text/vnd.si.uricatalogue,IANA,,false,
text/vnd.sosi,IANA,,false,
text/vnd.sun.j2me.app-descriptor,IANA,UTF-8,false,jad
text/vnd.trolltech.linguist,IANA,UTF-8,false,
text/vnd.wap.si,IANA,,false,
text/vnd.wap.sl,IANA,,false,
text/vnd.wap.wml,IANA,,false,wml
text/vnd.wap.wmlscript,IANA,,false,wmls
text/vtt,IANA,UTF-8,true,vtt
text/x-asm,APACHE,,false,s;asm
text/x-c,APACHE,,false,c;cc;cxx;cpp;h;hh;dic
text/x-component,NGINX,,false,htc
text/x-fortran,APACHE,,false,f;for;f77;f90
text/x-gwt-rpc,,,true,
text/x-handlebars-template,,,false,hbs
text/x-java-source,APACHE,,false,java
text/x-jquery-tmpl,,,true,
text/x-lua,,,false,lua
text/x-markdown,,,true,mkd
text/x-nfo,APACHE,,false,nfo
text/x-opml,APACHE,,false,opml
text/x-org,,,true,org
text/x-pascal,APACHE,,false,p;pas
text/x-processing,,,true,pde
text/x-sass,,,false,sass
text/x-scss,,,false,scss
text/x-setext,APACHE,,false,etx
text/x-sfv,APACHE,,false,sfv
text/x-suse-ymp,,,true,ymp
text/x-uuencode,APACHE,,false,uu
text/x-vcalendar,APACHE,,false,vcs
text/x-vcard,APACHE,,false,vcf
text/xml,IANA,,true,xml
text/xml-external-parsed-entity,IANA,,false,
text/yaml,,,true,yaml;yml
video/1d-interleaved-parityfec,IANA,,false,
video/3gpp,IANA,,false,3gp;3gpp
video/3gpp-tt,IANA,,false,
video/3gpp2,IANA,,false,3g2
video/av1,IANA,,false,
video/bmpeg,IANA,,false,
video/bt656,IANA,,false,
video/celb,IANA,,false,
video/dv,IANA,,false,
video/encaprtp,IANA,,false,
video/ffv1,IANA,,false,
video/flexfec,IANA,,false,
video/h261,IANA,,false,h261
video/h263,IANA,,false,h263
video/h263-1998,IANA,,false,
video/h263-2000,IANA,,false,
video/h264,IANA,,false,h264
video/h264-rcdo,IANA,,false,
video/h264-svc,IANA,,false,
video/h265,IANA,,false,
video/iso.segment,IANA,,false,m4s
video/jpeg,IANA,,false,jpgv
video/jpeg2000,IANA,,false,
video/jpm,APACHE,,false,jpm;jpgm
video/jxsv,IANA,,false,
video/mj2,IANA,,false,mj2;mjp2
video/mp1s,IANA,,false,
video/mp2p,IANA,,false,
video/mp2t,IANA,,false,ts
video/mp4,IANA,,false,mp4;mp4v;mpg4
video/mp4v-es,IANA,,false,
video/mpeg,IANA,,false,mpeg;mpg;mpe;m1v;m2v
video/mpeg4-generic,IANA,,false,
video/mpv,IANA,,false,
video/nv,IANA,,false,
video/ogg,IANA,,false,ogv
video/parityfec,IANA,,false,
video/pointer,IANA,,false,
video/quicktime,IANA,,false,qt;mov
video/raptorfec,IANA,,false,
video/raw,IANA,,false,
video/rtp-enc-aescm128,IANA,,false,
video/rtploopback,IANA,,false,
video/rtx,IANA,,false,
video/scip,IANA,,false,
video/smpte291,IANA,,false,
video/smpte292m,IANA,,false,
video/ulpfec,IANA,,false,
video/vc1,IANA,,false,
video/vc2,IANA,,false,
video/vnd.cctv,IANA,,false,
video/vnd.dece.hd,IANA,,false,uvh;uvvh
video/vnd.dece.mobile,IANA,,false,uvm;uvvm
video/vnd.dece.mp4,IANA,,false,
video/vnd.dece.pd,IANA,,false,uvp;uvvp
video/vnd.dece.sd,IANA,,false,uvs;uvvs
video/vnd.dece.video,IANA,,false,uvv;uvvv
video/vnd.directv.mpeg,IANA,,false,
video/vnd.directv.mpeg-tts,IANA,,false,
video/vnd.dlna.mpeg-tts,IANA,,false,
video/vnd.dvb.file,IANA,,false,dvb
video/vnd.fvt,IANA,,false,fvt
video/vnd.hns.video,IANA,,false,
video/vnd.iptvforum.1dparityfec-1010,IANA,,false,
video/vnd.iptvforum.1dparityfec-2005,IANA,,false,
video/vnd.iptvforum.2dparityfec-1010,IANA,,false,
video/vnd.iptvforum.2dparityfec-2005,IANA,,false,
video/vnd.iptvforum.ttsavc,IANA,,false,
video/vnd.iptvforum.ttsmpeg2,IANA,,false,
video/vnd.motorola.video,IANA,,false,
video/vnd.motorola.videop,IANA,,false,
video/vnd.mpegurl,IANA,,false,mxu;m4u
video/vnd.ms-playready.media.pyv,IANA,,false,pyv
video/vnd.nokia.interleaved-multimedia,IANA,,false,
video/vnd.nokia.mp4vr,IANA,,false,
video/vnd.nokia.videovoip,IANA,,false,
video/vnd.objectvideo,IANA,,false,
video/vnd.radgamettools.bink,IANA,,false,
video/vnd.radgamettools.smacker,IANA,,false,
video/vnd.sealed.mpeg1,IANA,,false,
video/vnd.sealed.mpeg4,IANA,,false,
video/vnd.sealed.swf,IANA,,false,
video/vnd.sealedmedia.softseal.mov,IANA,,false,
video/vnd.uvvu.mp4,IANA,,false,uvu;uvvu
video/vnd.vivo,IANA,,false,viv
video/vnd.youtube.yt,IANA,,false,
video/vp8,IANA,,false,
video/vp9,IANA,,false,
video/webm,APACHE,,false,webm
video/x-f4v,APACHE,,false,f4v
video/x-fli,APACHE,,false,fli
video/x-flv,APACHE,,false,flv
video/x-m4v,APACHE,,false,m4v
video/x-matroska,APACHE,,false,mkv;mk3d;mks
video/x-mng,APACHE,,false,mng
video/x-ms-asf,APACHE,,false,asf;asx
video/x-ms-vob,APACHE,,false,vob
video/x-ms-wm,APACHE,,false,wm
video/x-ms-wmv,APACHE,,false,wmv
video/x-ms-wmx,APACHE,,false,wmx
video/x-ms-wvx,APACHE,,false,wvx
video/x-msvideo,APACHE,,false,avi
video/x-sgi-movie,APACHE,,false,movie
video/x-smv,APACHE,,false,smv
x-conference/x-cooltalk,APACHE,,false,ice
x-shader/x-fragment,,,true,
x-shader/x-vertex,,,true,